toi,tid,tfopwg_disp,pl_orbper,pl_trandep,pl_trandurh,label,obs_id,obsid,sequence_number,t_min,t_max,t_exptime,dataRights
3849.01,147890655,PC,1.2220437,20110.0,1.871,1,tess2021364111932-s0047-0000000147890655-0218-s,71655402,47,59579.318127569444,59606.4432650463,120.0,PUBLIC
3849.01,147890655,PC,1.2220437,20110.0,1.871,1,tess2024003055635-s0074-0000000147890655-0269-s,212266332,74,60312.36641800926,60339.0720328588,120.0,PUBLIC
3849.01,147890655,PC,1.2220437,20110.0,1.871,1,tess2019199201929-s0014-s0078-0000000147890655,242087341,78,59579.29868275463,60339.06925512732,120.0,PUBLIC
3849.01,147890655,PC,1.2220437,20110.0,1.871,1,tess2022357055054-s0060-0000000147890655-0249-s,114200167,60,59936.405253125,59962.0861943287,120.0,PUBLIC
3849.01,147890655,PC,1.2220437,20110.0,1.871,1,tess2019199201929-s0014-s0060-0000000147890655,117282283,60,59579.29868275463,59962.083416574074,120.0,PUBLIC
4883.01,446463666,PC,4.4967355,6290.0,4.218,1,tess2025071122000-s0090-0000000446463666-0287-s,262868720,90,60746.661263449074,60774.57934332176,120.0,PUBLIC
4883.01,446463666,PC,4.4967355,6290.0,4.218,1,tess2023069172124-s0063-0000000446463666-0255-s,127099578,63,60013.8703650463,60040.402413055555,120.0,PUBLIC
4883.01,446463666,PC,4.4967355,6290.0,4.218,1,tess2026005125623-s0099-0000000446463666-0300-s,378420712,99,61045.613895393515,61073.279270833336,120.0,PUBLIC
4883.01,446463666,PC,4.4967355,6290.0,4.218,1,tess2018206190142-s0001-s0096-0000000446463666,403574612,96,60013.86480939815,60774.573787835645,120.0,PUBLIC
3332.01,194179013,FP,3.1785277,20330.0,5.974,0,tess2025099153000-s0091-0000000194179013-0288-s,266958706,91,60774.791776481485,60802.2592946875,120.0,PUBLIC
3332.01,194179013,FP,3.1785277,20330.0,5.974,0,tess2025154050500-s0093-0000000194179013-0290-s,300579861,93,60829.37591869213,60854.79839520833,120.0,PUBLIC
3332.01,194179013,FP,3.1785277,20330.0,5.974,0,tess2025127075000-s0092-0000000194179013-0289-s,279628875,92,60802.47457694444,60829.14674413195,120.0,PUBLIC
3332.01,194179013,FP,3.1785277,20330.0,5.974,0,tess2018206190142-s0001-s0092-0000000194179013,314948833,92,60774.786220381946,60829.143966261574,120.0,PUBLIC
3332.01,194179013,FP,3.1785277,20330.0,5.974,0,tess2018206190142-s0001-s0096-0000000194179013,403503346,96,60774.786220381946,60855.55394337963,120.0,PUBLIC
2664.01,277871306,FP,3.9602774,6193.0,0.884,0,tess2021039152502-s0035-0000000277871306-0205-s,60671830,35,59254.92146952546,59279.4842084375,120.0,PUBLIC
2664.01,277871306,FP,3.9602774,6193.0,0.884,0,tess2021310001228-s0045-0000000277871306-0216-s,71243026,45,59525.00396329861,59550.12444980324,120.0,PUBLIC
2664.01,277871306,FP,3.9602774,6193.0,0.884,0,tess2021336043614-s0046-0000000277871306-0217-s,71494019,46,59551.064808449075,59578.203483391204,120.0,PUBLIC
2664.01,277871306,FP,3.9602774,6193.0,0.884,0,tess2018206190142-s0001-s0046-0000000277871306,71744018,46,59254.48812472222,59578.203483391204,120.0,PUBLIC
2664.01,277871306,FP,3.9602774,6193.0,0.884,0,tess2021233042500-s0042-s0046-0000000277871306,71744021,46,59524.998407280094,59578.203483391204,120.0,PUBLIC
2664.01,277871306,FP,3.9602774,6193.0,0.884,0,tess2023315124025-s0072-0000000277871306-0267-s,198795323,72,60259.68039079861,60285.07315001157,120.0,PUBLIC
2664.01,277871306,FP,3.9602774,6193.0,0.884,0,tess2018235142541-s0002-s0072-0000000277871306,208736327,72,59254.48812472222,60285.08009511574,120.0,PUBLIC
6741.01,263203229,FP,5.0061978,6438.0,3.521,0,tess2025154050500-s0093-0000000263203229-0290-s,300581777,93,60829.38419759259,60855.12677396991,120.0,PUBLIC
7410.01,352107384,PC,3.5043637,1877.0,0.536,1,tess2022273165103-s0057-0000000352107384-0245-s,101306081,57,59852.85816800926,59881.61884415509,120.0,PUBLIC
441.01,316916655,FP,2.87436,2490.41,1.901,0,tess2018319095959-s0005-0000000316916655-0125-s,61541277,5,58437.49165773148,58463.70292590278,120.0,PUBLIC
441.01,316916655,FP,2.87436,2490.41,1.901,0,tess2025312202959-s0098-0000000316916655-0298-s,378117354,98,60988.0037019213,61045.40191615741,120.0,PUBLIC
4634.01,17150865,FP,0.8706763,1861.0,1.007,0,tess2021258175143-s0043-0000000017150865-0214-s,65357155,43,59473.66770657407,59498.38089601852,120.0,PUBLIC
4634.01,17150865,FP,0.8706763,1861.0,1.007,0,tess2021284114741-s0044-0000000017150865-0215-s,68720931,44,59499.696281666664,59523.944830451386,120.0,PUBLIC
4634.01,17150865,FP,0.8706763,1861.0,1.007,0,tess2021233042500-s0042-s0046-0000000017150865,71744652,46,59473.662150462966,59523.944830451386,120.0,PUBLIC
4634.01,17150865,FP,0.8706763,1861.0,1.007,0,tess2023263165758-s0070-0000000017150865-0265-s,191163125,70,60208.05520019676,60233.30723189815,120.0,PUBLIC
4634.01,17150865,FP,0.8706763,1861.0,1.007,0,tess2018235142541-s0002-s0072-0000000017150865,208733519,72,59473.662150462966,60233.3169547338,120.0,PUBLIC
2464.01,32949762,KP,3.7684981,19800.0,2.727,1,tess2020324010417-s0032-0000000032949762-0200-a_fast,28131919,32,59173.71974991,59199.73588182,20.0,PUBLIC
2464.01,32949762,KP,3.7684981,19800.0,2.727,1,tess2020324010417-s0032-0000000032949762-0200-s,28147033,32,59173.7303984,59199.72245593,120.0,PUBLIC
2464.01,32949762,KP,3.7684981,19800.0,2.727,1,tess2020351194500-s0033-0000000032949762-0203-a_fast,28213064,33,59201.23495899,59227.07578341,20.0,PUBLIC
2464.01,32949762,KP,3.7684981,19800.0,2.727,1,tess2020351194500-s0033-0000000032949762-0203-s,28213683,33,59201.23495899,59227.07485752,120.0,PUBLIC
2464.01,32949762,KP,3.7684981,19800.0,2.727,1,tess2018206190142-s0001-s0036-0000000032949762,61536575,36,59173.720675868055,59227.07485752315,120.0,PUBLIC
2464.01,32949762,KP,3.7684981,19800.0,2.727,1,tess2024353092137-s0087-0000000032949762-0284-s,238528355,87,60662.54629082176,60689.44032140046,120.0,PUBLIC
2464.01,32949762,KP,3.7684981,19800.0,2.727,1,tess2025312202959-s0098-0000000032949762-0298-a_fast,378109992,98,60988.00225839121,61045.40242023148,20.0,PUBLIC
2464.01,32949762,KP,3.7684981,19800.0,2.727,1,tess2025312202959-s0098-0000000032949762-0298-s,378109993,98,60988.00225839121,61045.401494328704,120.0,PUBLIC
2464.01,32949762,KP,3.7684981,19800.0,2.727,1,tess2018206190142-s0001-s0096-0000000032949762,403458607,96,59173.72067585648,60689.43615487269,120.0,PUBLIC
7905.01,13574905,FP,2.1983246,440.8203612,1.7690359,0,tess2024223182411-s0082-0000000013574905-0278-s,232637746,82,60532.895876041664,60558.75006763889,120.0,PUBLIC
7905.01,13574905,FP,2.1983246,440.8203612,1.7690359,0,tess2019199201929-s0014-s0086-0000000013574905,262987747,86,59796.59791383102,60558.74451215278,120.0,PUBLIC
7905.01,13574905,FP,2.1983246,440.8203612,1.7690359,0,tess2022217014003-s0055-0000000013574905-0242-s,93767504,55,59796.603469525464,59823.76756409722,120.0,PUBLIC
1312.01,405904232,FP,11.0765081,4741.301707,4.9421783,0,tess2021204101404-s0041-0000000405904232-0212-s,62808142,41,59419.49000534722,59446.08055886574,120.0,PUBLIC
1312.01,405904232,FP,11.0765081,4741.301707,4.9421783,0,tess2019199201929-s0014-s0060-0000000405904232,117287218,60,59419.48444969908,59852.636934421294,120.0,PUBLIC
1312.01,405904232,FP,11.0765081,4741.301707,4.9421783,0,tess2024030031500-s0075-0000000405904232-0270-s,212756224,75,60339.28172269676,60366.980150868054,120.0,PUBLIC
1312.01,405904232,FP,11.0765081,4741.301707,4.9421783,0,tess2024058030222-s0076-0000000405904232-0271-s,214434791,76,60367.19542966435,60394.27487664352,120.0,PUBLIC
1312.01,405904232,FP,11.0765081,4741.301707,4.9421783,0,tess2024196212429-s0081-0000000405904232-0276-s,229896580,81,60506.05275393518,60532.67816422454,120.0,PUBLIC
1312.01,405904232,FP,11.0765081,4741.301707,4.9421783,0,tess2024223182411-s0082-0000000405904232-0278-s,232649195,82,60532.893443946756,60558.7476175,120.0,PUBLIC
1312.01,405904232,FP,11.0765081,4741.301707,4.9421783,0,tess2024249191853-s0083-0000000405904232-0280-s,233055743,83,60558.92817204861,60583.87641413195,120.0,PUBLIC
1312.01,405904232,FP,11.0765081,4741.301707,4.9421783,0,tess2019199201929-s0014-s0078-0000000405904232,242091619,78,59419.48444969908,60394.27209880787,120.0,PUBLIC
1312.01,405904232,FP,11.0765081,4741.301707,4.9421783,0,tess2019199201929-s0014-s0086-0000000405904232,262996267,86,59419.48444969908,60583.873636412034,120.0,PUBLIC
1312.01,405904232,FP,11.0765081,4741.301707,4.9421783,0,tess2022190063128-s0054-0000000405904232-0227-s,91563628,54,59769.39922457176,59795.63026972222,120.0,PUBLIC
1312.01,405904232,FP,11.0765081,4741.301707,4.9421783,0,tess2022217014003-s0055-0000000405904232-0242-s,93793175,55,59796.60111376157,59823.7650941088,120.0,PUBLIC
1312.01,405904232,FP,11.0765081,4741.301707,4.9421783,0,tess2019199201929-s0014-s0055-0000000405904232,96868951,55,59419.48444969908,59823.762316342596,120.0,PUBLIC
1312.01,405904232,FP,11.0765081,4741.301707,4.9421783,0,tess2022244194134-s0056-0000000405904232-0243-s,97942258,56,59824.75814381945,59852.6397121412,120.0,PUBLIC
1718.01,257241363,PC,5.5870396,1907.0,2.745,1,tess2021284114741-s0044-0000000257241363-0215-a_fast,68731661,44,59499.686826006946,59523.94307271991,20.0,PUBLIC
1718.01,257241363,PC,5.5870396,1907.0,2.745,1,tess2021284114741-s0044-0000000257241363-0215-s,68731667,44,59499.69516016204,59523.941915208336,120.0,PUBLIC
1718.01,257241363,PC,5.5870396,1907.0,2.745,1,tess2021310001228-s0045-0000000257241363-0216-s,71242578,45,59525.228146030095,59550.12866429398,120.0,PUBLIC
1718.01,257241363,PC,5.5870396,1907.0,2.745,1,tess2021310001228-s0045-0000000257241363-0216-a_fast,71242583,45,59525.21541341435,59550.129127280095,20.0,PUBLIC
1718.01,257241363,PC,5.5870396,1907.0,2.745,1,tess2021364111932-s0047-0000000257241363-0218-a_fast,71663292,47,59579.30619354167,59606.446039201386,20.0,PUBLIC
1718.01,257241363,PC,5.5870396,1907.0,2.745,1,tess2021364111932-s0047-0000000257241363-0218-s,71663296,47,59579.32147159722,59606.444881840274,120.0,PUBLIC
1718.01,257241363,PC,5.5870396,1907.0,2.745,1,tess2021336043614-s0046-0000000257241363-0217-s,71493578,46,59551.506502731485,59578.20617626158,120.0,PUBLIC
1718.01,257241363,PC,5.5870396,1907.0,2.745,1,tess2021233042500-s0042-s0046-0000000257241363,71743970,46,59499.68126989583,59578.20617626158,120.0,PUBLIC
1718.01,257241363,PC,5.5870396,1907.0,2.745,1,tess2021336043614-s0046-0000000257241363-0217-a_fast,71493584,46,59551.49284449074,59578.20663922454,20.0,PUBLIC
1718.01,257241363,PC,5.5870396,1907.0,2.745,1,tess2018206190142-s0001-s0046-0000000257241363,71743971,46,58842.0022196412,59578.20617626158,120.0,PUBLIC
1718.01,257241363,PC,5.5870396,1907.0,2.745,1,tess2019199201929-s0014-s0050-0000000257241363,87590501,50,58842.0022196412,59606.444881840274,120.0,PUBLIC
1718.01,257241363,PC,5.5870396,1907.0,2.745,1,tess2023289093419-s0071-0000000257241363-0266-s,197694777,71,60233.53818167824,60259.45587423611,120.0,PUBLIC
1718.01,257241363,PC,5.5870396,1907.0,2.745,1,tess2023289093419-s0071-0000000257241363-0266-a_fast,197694779,71,60233.53818167824,60259.47115321759,20.0,PUBLIC
1718.01,257241363,PC,5.5870396,1907.0,2.745,1,tess2023315124025-s0072-0000000257241363-0267-s,198794974,72,60259.68506549769,60285.08689037037,120.0,PUBLIC
1718.01,257241363,PC,5.5870396,1907.0,2.745,1,tess2023315124025-s0072-0000000257241363-0267-a_fast,198794977,72,60259.68506549769,60285.087816342595,20.0,PUBLIC
1718.01,257241363,PC,5.5870396,1907.0,2.745,1,tess2018235142541-s0002-s0072-0000000257241363,208736137,72,58842.0022196412,60285.08411246528,120.0,PUBLIC
1718.01,257241363,PC,5.5870396,1907.0,2.745,1,tess2022357055054-s0060-0000000257241363-0249-s,114312353,60,59936.40721469907,59962.087971180554,120.0,PUBLIC
1718.01,257241363,PC,5.5870396,1907.0,2.745,1,tess2022357055054-s0060-0000000257241363-0249-a_fast,114312358,60,59936.40721469907,59962.088665613424,20.0,PUBLIC
1718.01,257241363,PC,5.5870396,1907.0,2.745,1,tess2019199201929-s0014-s0060-0000000257241363,117284502,60,58842.0022196412,59962.08519346065,120.0,PUBLIC
1718.01,257241363,PC,5.5870396,1907.0,2.745,1,tess2019357164649-s0020-0000000257241363-0165-s,27235713,20,58842.00777537037,58868.3273515625,120.0,PUBLIC
1431.01,375506058,CP,2.650232,6449.0,2.03,1,tess2019199201929-s0014-s0019-0000000375506058,27739980,19,58710.85996555556,58762.82129929398,120.0,PUBLIC
1431.01,375506058,CP,2.650232,6449.0,2.03,1,tess2019199201929-s0014-s0060-0000000375506058,117286710,60,58710.85996554398,59881.61615329861,120.0,PUBLIC
1431.01,375506058,CP,2.650232,6449.0,2.03,1,tess2024058030222-s0076-0000000375506058-0271-s,214434215,76,60367.19525415509,60394.274306770836,120.0,PUBLIC
1431.01,375506058,CP,2.650232,6449.0,2.03,1,tess2024058030222-s0076-0000000375506058-0271-a_fast,214434218,76,60367.19525415509,60394.27523269676,20.0,PUBLIC
1431.01,375506058,CP,2.650232,6449.0,2.03,1,tess2024085201119-s0077-0000000375506058-0272-a_fast,216505230,77,60394.98264420139,60423.04742673611,20.0,PUBLIC
1431.01,375506058,CP,2.650232,6449.0,2.03,1,tess2024085201119-s0077-0000000375506058-0272-s,216505234,77,60394.98264420139,60423.04650078704,120.0,PUBLIC
1431.01,375506058,CP,2.650232,6449.0,2.03,1,tess2024249191853-s0083-0000000375506058-0280-a_fast,233054591,83,60558.92842606481,60583.87701089121,20.0,PUBLIC
1431.01,375506058,CP,2.650232,6449.0,2.03,1,tess2024249191853-s0083-0000000375506058-0280-s,233054594,83,60558.92842606481,60583.87701089121,120.0,PUBLIC
1431.01,375506058,CP,2.650232,6449.0,2.03,1,tess2024274222008-s0084-0000000375506058-0281-s,233397762,84,60584.09089846065,60609.84181877315,120.0,PUBLIC
1431.01,375506058,CP,2.650232,6449.0,2.03,1,tess2024274222008-s0084-0000000375506058-0281-a_fast,233397767,84,60584.09089846065,60609.84181877315,20.0,PUBLIC
1431.01,375506058,CP,2.650232,6449.0,2.03,1,tess2019199201929-s0014-s0078-0000000375506058,242091210,78,58710.85996554398,60423.043722939816,120.0,PUBLIC
1431.01,375506058,CP,2.650232,6449.0,2.03,1,tess2019199201929-s0014-s0086-0000000375506058,262995587,86,58710.85996554398,60609.83904106481,120.0,PUBLIC
1431.01,375506058,CP,2.650232,6449.0,2.03,1,tess2022217014003-s0055-0000000375506058-0242-s,93791264,55,59796.60087756944,59823.765280810185,120.0,PUBLIC
1431.01,375506058,CP,2.650232,6449.0,2.03,1,tess2019199201929-s0014-s0055-0000000375506058,96868490,55,58710.85996554398,59823.76250300926,120.0,PUBLIC
1431.01,375506058,CP,2.650232,6449.0,2.03,1,tess2022244194134-s0056-0000000375506058-0243-a_fast,97941422,56,59824.758345787035,59852.64099677083,20.0,PUBLIC
1431.01,375506058,CP,2.650232,6449.0,2.03,1,tess2022244194134-s0056-0000000375506058-0243-s,97941429,56,59824.758345787035,59852.64030232639,120.0,PUBLIC
1431.01,375506058,CP,2.650232,6449.0,2.03,1,tess2022273165103-s0057-0000000375506058-0245-s,101307109,57,59852.85557903935,59881.61615329861,120.0,PUBLIC
1431.01,375506058,CP,2.650232,6449.0,2.03,1,tess2022273165103-s0057-0000000375506058-0245-a_fast,101307116,57,59852.85557903935,59881.61615329861,20.0,PUBLIC
1431.01,375506058,CP,2.650232,6449.0,2.03,1,tess2019226182529-s0015-0000000375506058-0151-s,27472778,15,58710.86552122685,58736.91169230324,120.0,PUBLIC
1431.01,375506058,CP,2.650232,6449.0,2.03,1,tess2019253231442-s0016-0000000375506058-0152-s,27520335,16,58738.15336765046,58762.82129929398,120.0,PUBLIC
1431.01,375506058,CP,2.650232,6449.0,2.03,1,tess2019199201929-s0014-s0016-0000000375506058,62288766,16,58710.859988344906,58762.82132231481,120.0,PUBLIC
1637.01,286355915,FP,4.076684,10459.727229,4.4132181,0,tess2019199201929-s0014-s0060-0000000286355915,117285115,60,58790.15500612269,59909.55004349537,120.0,PUBLIC
1637.01,286355915,FP,4.076684,10459.727229,4.4132181,0,tess2024300212641-s0085-0000000286355915-0282-s,233658387,85,60610.05912537037,60635.54936344908,120.0,PUBLIC
1637.01,286355915,FP,4.076684,10459.727229,4.4132181,0,tess2019199201929-s0014-s0086-0000000286355915,262993634,86,58790.15500612269,60635.543808055554,120.0,PUBLIC
1637.01,286355915,FP,4.076684,10459.727229,4.4132181,0,tess2022302161335-s0058-0000000286355915-0247-s,104654029,58,59881.833577488425,59909.55282118056,120.0,PUBLIC
1637.01,286355915,FP,4.076684,10459.727229,4.4132181,0,tess2019306063752-s0018-0000000286355915-0162-s,27589215,18,58790.16056175926,58814.518614699075,120.0,PUBLIC
5981.01,120045750,PC,7.0142458,1867.3179922,2.6555328,1,tess2021204101404-s0041-0000000120045750-0212-s,62792236,41,59419.49097039352,59446.08077998843,120.0,PUBLIC
5981.01,120045750,PC,7.0142458,1867.3179922,2.6555328,1,tess2019199201929-s0014-s0055-0000000120045750,96862494,55,59419.48541489583,59795.63095170139,120.0,PUBLIC
5981.01,120045750,PC,7.0142458,1867.3179922,2.6555328,1,tess2024003055635-s0074-0000000120045750-0269-s,212265032,74,60312.36013190972,60339.06573079861,120.0,PUBLIC
5981.01,120045750,PC,7.0142458,1867.3179922,2.6555328,1,tess2024170053053-s0080-0000000120045750-0275-s,229366299,80,60479.38979707176,60505.83867428241,120.0,PUBLIC
5981.01,120045750,PC,7.0142458,1867.3179922,2.6555328,1,tess2024196212429-s0081-0000000120045750-0276-s,229886574,81,60506.05395271991,60532.67866767361,120.0,PUBLIC
5981.01,120045750,PC,7.0142458,1867.3179922,2.6555328,1,tess2019199201929-s0014-s0078-0000000120045750,242086965,78,59419.48541489583,60339.062952974535,120.0,PUBLIC
5981.01,120045750,PC,7.0142458,1867.3179922,2.6555328,1,tess2019199201929-s0014-s0086-0000000120045750,262988907,86,59419.48541489583,60532.67311222222,120.0,PUBLIC
5981.01,120045750,PC,7.0142458,1867.3179922,2.6555328,1,tess2022164095748-s0053-0000000120045750-0226-s,87745710,53,59743.49740922454,59768.48110989583,120.0,PUBLIC
5981.01,120045750,PC,7.0142458,1867.3179922,2.6555328,1,tess2022190063128-s0054-0000000120045750-0227-s,91545454,54,59769.400548125,59795.63095168982,120.0,PUBLIC
4211.01,385654601,PC,2.2715616,8190.0,2.741,1,tess2024353092137-s0087-0000000385654601-0284-s,238540594,87,60662.54406237268,60689.44182292824,120.0,PUBLIC
5113.01,2685481,PC,4.136488,462.0,2.551,1,tess2023289093419-s0071-0000000002685481-0266-s,197685446,71,60233.54072597222,60259.45641521991,120.0,PUBLIC
5113.01,2685481,PC,4.136488,462.0,2.551,1,tess2023341045131-s0073-0000000002685481-0268-s,206170781,73,60285.3030915625,60312.15415552083,120.0,PUBLIC
5113.01,2685481,PC,4.136488,462.0,2.551,1,tess2024326142117-s0086-0000000002685481-0283-s,236652968,86,60635.76460548611,60662.331636284725,120.0,PUBLIC
5113.01,2685481,PC,4.136488,462.0,2.551,1,tess2019199201929-s0014-s0086-0000000002685481,262987570,86,59909.762789837965,60662.32608082176,120.0,PUBLIC
5113.01,2685481,PC,4.136488,462.0,2.551,1,tess2022330142927-s0059-0000000002685481-0248-s,113382380,59,59909.78084585648,59936.192119050924,120.0,PUBLIC
1608.01,138017750,FP,2.4727494,2960.9440076,2.4130698,0,tess2019199201929-s0014-s0060-0000000138017750,117282140,60,58790.15493548611,59909.55037587963,120.0,PUBLIC
1608.01,138017750,FP,2.4727494,2960.9440076,2.4130698,0,tess2024300212641-s0085-0000000138017750-0282-s,233651722,85,60610.0589384375,60635.549615358796,120.0,PUBLIC
1608.01,138017750,FP,2.4727494,2960.9440076,2.4130698,0,tess2019199201929-s0014-s0086-0000000138017750,262989258,86,58790.15493548611,60635.54405986111,120.0,PUBLIC
1608.01,138017750,FP,2.4727494,2960.9440076,2.4130698,0,tess2022302161335-s0058-0000000138017750-0247-s,104649017,58,59881.83343505787,59909.553153622684,120.0,PUBLIC
1608.01,138017750,FP,2.4727494,2960.9440076,2.4130698,0,tess2019306063752-s0018-0000000138017750-0162-s,27599909,18,58790.160491215276,58814.51896099537,120.0,PUBLIC
3181.01,372596796,FP,3.5366743,13180.0,2.697,0,tess2025071122000-s0090-0000000372596796-0287-s,262866775,90,60746.65978501157,60774.578278009256,120.0,PUBLIC
6762.01,360224870,PC,5.1778752,29835.0,1.718,1,tess2025154050500-s0093-0000000360224870-0290-s,300586188,93,60829.37239684028,60855.13489369213,120.0,PUBLIC
6762.01,360224870,PC,5.1778752,29835.0,1.718,1,tess2026033082000-s0100-0000000360224870-0302-s,381184143,100,61073.50056175926,61099.95105819444,120.0,PUBLIC
6762.01,360224870,PC,5.1778752,29835.0,1.718,1,tess2026111101500-s0103-0000000360224870-0305-s,417421597,103,61151.53423657407,61177.477290358795,120.0,PUBLIC
6762.01,360224870,PC,5.1778752,29835.0,1.718,1,tess2026137223500-s0104-0000000360224870-0306-s,426791425,104,61178.106464108794,61204.33342122685,120.0,PUBLIC
4748.01,59770954,PC,4.1018859,10690.0,3.576,1,tess2023289093419-s0071-0000000059770954-0266-s,197689117,71,60233.53898361111,60259.45514554398,120.0,PUBLIC
4748.01,59770954,PC,4.1018859,10690.0,3.576,1,tess2023315124025-s0072-0000000059770954-0267-s,198790229,72,60260.50382883102,60285.08726407407,120.0,PUBLIC
4748.01,59770954,PC,4.1018859,10690.0,3.576,1,tess2018235142541-s0002-s0072-0000000059770954,208734265,72,60233.52926050926,60285.08170832176,120.0,PUBLIC
7457.01,272840455,KP,6.8733768,3501.1631364,6.5660399,1,tess2021204101404-s0041-0000000272840455-0212-s,62803431,41,59419.49042391204,59446.08077638889,120.0,PUBLIC
7457.01,272840455,KP,6.8733768,3501.1631364,6.5660399,1,tess2024003055635-s0074-0000000272840455-0269-a_fast,212271033,74,60312.36098834491,60339.067022256946,20.0,PUBLIC
7457.01,272840455,KP,6.8733768,3501.1631364,6.5660399,1,tess2024003055635-s0074-0000000272840455-0269-s,212271047,74,60312.36098834491,60339.06609634259,120.0,PUBLIC
7457.01,272840455,KP,6.8733768,3501.1631364,6.5660399,1,tess2024030031500-s0075-0000000272840455-0270-a_fast,212753266,75,60339.28137222222,60366.98026667824,20.0,PUBLIC
7457.01,272840455,KP,6.8733768,3501.1631364,6.5660399,1,tess2024030031500-s0075-0000000272840455-0270-s,212753278,75,60339.28137222222,60366.98003519676,120.0,PUBLIC
7457.01,272840455,KP,6.8733768,3501.1631364,6.5660399,1,tess2024196212429-s0081-0000000272840455-0276-s,229893004,81,60506.05322887732,60532.67846263889,120.0,PUBLIC
7457.01,272840455,KP,6.8733768,3501.1631364,6.5660399,1,tess2024196212429-s0081-0000000272840455-0276-a_fast,229893006,81,60506.05322887732,60532.67915708333,20.0,PUBLIC
7457.01,272840455,KP,6.8733768,3501.1631364,6.5660399,1,tess2024223182411-s0082-0000000272840455-0278-a_fast,232645400,82,60532.893740555555,60558.74838016204,20.0,PUBLIC
7457.01,272840455,KP,6.8733768,3501.1631364,6.5660399,1,tess2024223182411-s0082-0000000272840455-0278-s,232645404,82,60532.893740555555,60558.74768572917,120.0,PUBLIC
7457.01,272840455,KP,6.8733768,3501.1631364,6.5660399,1,tess2019199201929-s0014-s0078-0000000272840455,242089686,78,59419.48486831019,60366.98003519676,120.0,PUBLIC
7457.01,272840455,KP,6.8733768,3501.1631364,6.5660399,1,tess2019199201929-s0014-s0086-0000000272840455,262993262,86,59419.48486831019,60558.742130266204,120.0,PUBLIC
7457.01,272840455,KP,6.8733768,3501.1631364,6.5660399,1,tess2022190063128-s0054-0000000272840455-0227-s,91557335,54,59769.39972569444,59795.63061594907,120.0,PUBLIC
7457.01,272840455,KP,6.8733768,3501.1631364,6.5660399,1,tess2022217014003-s0055-0000000272840455-0242-s,93784478,55,59796.60145310185,59823.765201967595,120.0,PUBLIC
7457.01,272840455,KP,6.8733768,3501.1631364,6.5660399,1,tess2022244194134-s0056-0000000272840455-0243-s,97938487,56,59824.75824228009,59852.63955061343,120.0,PUBLIC
6758.01,383313006,PC,12.6136992,2172.0,2.533,1,tess2025154050500-s0093-0000000383313006-0290-s,300587312,93,60829.37556155093,60855.53522618055,120.0,PUBLIC
6758.01,383313006,PC,12.6136992,2172.0,2.533,1,tess2025180145000-s0094-0000000383313006-0291-s,302174106,94,60856.000499560185,60881.45696063658,120.0,PUBLIC
1328.01,330332501,FP,4.0157492,1150.0,2.706,0,tess2022217014003-s0055-0000000330332501-0242-s,93788639,55,59796.60177380787,59823.766006956015,120.0,PUBLIC
1328.01,330332501,FP,4.0157492,1150.0,2.706,0,tess2022244194134-s0056-0000000330332501-0243-s,97940122,56,59824.759063275465,59852.64068240741,120.0,PUBLIC
3819.01,95660472,CP,3.244299,5692.0048309,2.6887498,1,tess2021284114741-s0044-0000000095660472-0215-s,68726540,44,59499.70264650463,59523.94111965278,120.0,PUBLIC
3819.01,95660472,CP,3.244299,5692.0048309,2.6887498,1,tess2021310001228-s0045-0000000095660472-0216-s,71237720,45,59525.22735101852,59550.12807712963,120.0,PUBLIC
3819.01,95660472,CP,3.244299,5692.0048309,2.6887498,1,tess2021364111932-s0047-0000000095660472-0218-s,71653403,47,59579.31987513889,59606.4450809375,120.0,PUBLIC
3819.01,95660472,CP,3.244299,5692.0048309,2.6887498,1,tess2021336043614-s0046-0000000095660472-0217-s,71488499,46,59551.50592993056,59578.20595333333,120.0,PUBLIC
3819.01,95660472,CP,3.244299,5692.0048309,2.6887498,1,tess2021233042500-s0042-s0046-0000000095660472,71745519,46,59499.680422129626,59578.20595333333,120.0,PUBLIC
3819.01,95660472,CP,3.244299,5692.0048309,2.6887498,1,tess2019199201929-s0014-s0050-0000000095660472,87588347,50,59499.680422129626,59606.4450809375,120.0,PUBLIC
3819.01,95660472,CP,3.244299,5692.0048309,2.6887498,1,tess2023289093419-s0071-0000000095660472-0266-s,197691794,71,60233.53733072917,60259.45371607639,120.0,PUBLIC
3819.01,95660472,CP,3.244299,5692.0048309,2.6887498,1,tess2023315124025-s0072-0000000095660472-0267-s,198792260,72,60259.68429701389,60285.086355405096,120.0,PUBLIC
3819.01,95660472,CP,3.244299,5692.0048309,2.6887498,1,tess2018235142541-s0002-s0072-0000000095660472,208734908,72,59499.680422129626,60285.08079951389,120.0,PUBLIC
181.01,76923707,CP,4.5320502,7809.0577339,2.4927338,1,tess2020238165205-s0029-0000000076923707-0193-s,27902559,29,59087.74342449,59113.00279682,120.0,PUBLIC
181.01,76923707,CP,4.5320502,7809.0577339,2.4927338,1,tess2020238165205-s0029-0000000076923707-0193-a_fast,27973621,29,59087.74342449,59113.00603747,20.0,PUBLIC
181.01,76923707,CP,4.5320502,7809.0577339,2.4927338,1,tess2018234235059-s0002-0000000076923707-0121-s,60869359,2,58353.611790625,58381.018466875,120.0,PUBLIC
181.01,76923707,CP,4.5320502,7809.0577339,2.4927338,1,tess2018206190142-s0001-s0036-0000000076923707,61535588,36,58353.606235011575,59113.93749146991,120.0,PUBLIC
181.01,76923707,CP,4.5320502,7809.0577339,2.4927338,1,tess2018206190142-s0001-s0069-0000000076923707,198772184,69,58353.606235,60207.63984466435,120.0,PUBLIC
181.01,76923707,CP,4.5320502,7809.0577339,2.4927338,1,tess2023237165326-s0069-0000000076923707-0264-s,182730660,69,60181.85819597222,60207.64262237269,120.0,PUBLIC
181.01,76923707,CP,4.5320502,7809.0577339,2.4927338,1,tess2018206190142-s0001-s0096-0000000076923707,403472043,96,58353.606235,60932.94615916667,120.0,PUBLIC
181.01,76923707,CP,4.5320502,7809.0577339,2.4927338,1,tess2025232030459-s0096-0000000076923707-0293-s,354006024,96,60907.27820075231,60932.93921491898,120.0,PUBLIC
181.01,76923707,CP,4.5320502,7809.0577339,2.4927338,1,tess2025232030459-s0096-0000000076923707-0293-a_fast,354006025,96,60907.27820075231,60932.94916834491,20.0,PUBLIC
181.01,76923707,CP,4.5320502,7809.0577339,2.4927338,1,tess2026192185000-s0106-0000000076923707-0308-a_fast,453644090,106,61232.933352708336,61261.37963818287,20.0,PUBLIC
181.01,76923707,CP,4.5320502,7809.0577339,2.4927338,1,tess2026192185000-s0106-0000000076923707-0308-s,453644091,106,61232.933352708336,61261.379175208334,120.0,PUBLIC
3205.01,322862882,FP,1.2361087,19760.0,1.139,0,tess2025099153000-s0091-0000000322862882-0288-s,266983294,91,60774.79516728009,60802.25818482639,120.0,PUBLIC
3229.01,290263093,PC,5.21228,8950.0,3.863,1,tess2023096110322-s0064-0000000290263093-0257-s,139097537,64,60040.61580447917,60067.53404756945,120.0,PUBLIC
3229.01,290263093,PC,5.21228,8950.0,3.863,1,tess2018206190142-s0001-s0065-0000000290263093,160351147,65,60040.61024880787,60096.13078042824,120.0,PUBLIC
3229.01,290263093,PC,5.21228,8950.0,3.863,1,tess2023124020739-s0065-0000000290263093-0259-s,151532345,65,60068.24098976852,60096.13078042824,120.0,PUBLIC
3229.01,290263093,PC,5.21228,8950.0,3.863,1,tess2026005125623-s0099-0000000290263093-0300-s,378416339,99,61045.6122846412,61073.277609641205,120.0,PUBLIC
3229.01,290263093,PC,5.21228,8950.0,3.863,1,tess2026033082000-s0100-0000000290263093-0302-s,381180093,100,61073.492893344905,61099.966420833334,120.0,PUBLIC
3411.01,150424946,PC,7.0628019,13490.0,4.385,1,tess2023018032328-s0061-0000000150424946-0250-s,117953218,61,59962.30095103009,59987.721778796295,120.0,PUBLIC
1004.01,238597883,FP,3.5730141,755.0,3.37,0,tess2021014023720-s0034-0000000238597883-0204-s,28288700,34,59228.266605150464,59253.56699047454,120.0,PUBLIC
1004.01,238597883,FP,3.5730141,755.0,3.37,0,tess2021014023720-s0034-0000000238597883-0204-a_fast,28304575,34,59228.25132697917,59253.56791640046,20.0,PUBLIC
6034.01,388076422,CP,2.5761796,49904.2528728,1.5879379,1,tess2019199201929-s0014-s0060-0000000388076422,117286971,60,59824.751711585646,59909.543550358794,120.0,PUBLIC
6034.01,388076422,CP,2.5761796,49904.2528728,1.5879379,1,tess2024058030222-s0076-0000000388076422-0271-a_fast,214434495,76,60367.1963421412,60394.27592148148,20.0,PUBLIC
6034.01,388076422,CP,2.5761796,49904.2528728,1.5879379,1,tess2024058030222-s0076-0000000388076422-0271-s,214434496,76,60367.1963421412,60394.27499556713,120.0,PUBLIC
6034.01,388076422,CP,2.5761796,49904.2528728,1.5879379,1,tess2024085201119-s0077-0000000388076422-0272-a_fast,216505535,77,60394.98332412037,60423.04753420139,20.0,PUBLIC
6034.01,388076422,CP,2.5761796,49904.2528728,1.5879379,1,tess2024085201119-s0077-0000000388076422-0272-s,216505537,77,60394.98332412037,60423.046608275465,120.0,PUBLIC
6034.01,388076422,CP,2.5761796,49904.2528728,1.5879379,1,tess2024249191853-s0083-0000000388076422-0280-a_fast,233054977,83,60558.92738634259,60583.87637773148,20.0,PUBLIC
6034.01,388076422,CP,2.5761796,49904.2528728,1.5879379,1,tess2024249191853-s0083-0000000388076422-0280-s,233054980,83,60558.92738634259,60583.87637773148,120.0,PUBLIC
6034.01,388076422,CP,2.5761796,49904.2528728,1.5879379,1,tess2024274222008-s0084-0000000388076422-0281-a_fast,233398274,84,60584.090268761574,60609.84172724537,20.0,PUBLIC
6034.01,388076422,CP,2.5761796,49904.2528728,1.5879379,1,tess2024274222008-s0084-0000000388076422-0281-s,233398278,84,60584.090268761574,60609.84172724537,120.0,PUBLIC
6034.01,388076422,CP,2.5761796,49904.2528728,1.5879379,1,tess2024300212641-s0085-0000000388076422-0282-s,233661852,85,60610.055615405094,60635.54561894676,120.0,PUBLIC
6034.01,388076422,CP,2.5761796,49904.2528728,1.5879379,1,tess2024300212641-s0085-0000000388076422-0282-a_fast,233661854,85,60610.055615405094,60635.54631337963,20.0,PUBLIC
6034.01,388076422,CP,2.5761796,49904.2528728,1.5879379,1,tess2024114025118-s0078-0000000388076422-0273-s,220263573,78,60433.768872106484,60451.82047421296,120.0,PUBLIC
6034.01,388076422,CP,2.5761796,49904.2528728,1.5879379,1,tess2024114025118-s0078-0000000388076422-0273-a_fast,220263578,78,60433.768872106484,60451.82116866898,20.0,PUBLIC
6034.01,388076422,CP,2.5761796,49904.2528728,1.5879379,1,tess2019199201929-s0014-s0078-0000000388076422,242091395,78,59824.751711585646,60451.8190853125,120.0,PUBLIC
6034.01,388076422,CP,2.5761796,49904.2528728,1.5879379,1,tess2024326142117-s0086-0000000388076422-0283-a_fast,236664147,86,60635.7608930787,60662.326960162034,20.0,PUBLIC
6034.01,388076422,CP,2.5761796,49904.2528728,1.5879379,1,tess2019199201929-s0014-s0086-0000000388076422,262995881,86,59824.751711585646,60662.32140476852,120.0,PUBLIC
6034.01,388076422,CP,2.5761796,49904.2528728,1.5879379,1,tess2024326142117-s0086-0000000388076422-0283-s,236664149,86,60635.7608930787,60662.32696017361,120.0,PUBLIC
6034.01,388076422,CP,2.5761796,49904.2528728,1.5879379,1,tess2022244194134-s0056-0000000388076422-0243-s,97941728,56,59824.757267256944,59852.63966179398,120.0,PUBLIC
6034.01,388076422,CP,2.5761796,49904.2528728,1.5879379,1,tess2022273165103-s0057-0000000388076422-0245-s,101307539,57,59852.8549418287,59881.616118715276,120.0,PUBLIC
6034.01,388076422,CP,2.5761796,49904.2528728,1.5879379,1,tess2022302161335-s0058-0000000388076422-0247-s,104657644,58,59881.83000671296,59909.549105798615,120.0,PUBLIC
654.01,35009898,CP,1.5275639,2892.4227936,1.3727055,1,tess2021065132309-s0036-0000000035009898-0207-s,60750220,36,59280.4078112037,59305.49348578704,120.0,PUBLIC
654.01,35009898,CP,1.5275639,2892.4227936,1.3727055,1,tess2018206190142-s0001-s0036-0000000035009898,61535300,36,58542.72053027778,59305.49348578704,120.0,PUBLIC
654.01,35009898,CP,1.5275639,2892.4227936,1.3727055,1,tess2019058134432-s0009-0000000035009898-0139-s,62892296,9,58543.11081329861,58567.980113275466,120.0,PUBLIC
654.01,35009898,CP,1.5275639,2892.4227936,1.3727055,1,tess2021310001228-s0045-0000000035009898-0216-s,71233082,45,59525.00315224537,59550.123509212965,120.0,PUBLIC
654.01,35009898,CP,1.5275639,2892.4227936,1.3727055,1,tess2018206190142-s0001-s0046-0000000035009898,71743633,46,58542.72053027778,59578.2026118287,120.0,PUBLIC
654.01,35009898,CP,1.5275639,2892.4227936,1.3727055,1,tess2021233042500-s0042-s0046-0000000035009898,71743634,46,59524.99759627315,59578.2026118287,120.0,PUBLIC
654.01,35009898,CP,1.5275639,2892.4227936,1.3727055,1,tess2021336043614-s0046-0000000035009898-0217-s,71484991,46,59551.06386689815,59578.2026118287,120.0,PUBLIC
654.01,35009898,CP,1.5275639,2892.4227936,1.3727055,1,tess2018206190142-s0001-s0065-0000000035009898,160335709,65,58542.72053027778,60013.65748857639,120.0,PUBLIC
654.01,35009898,CP,1.5275639,2892.4227936,1.3727055,1,tess2023315124025-s0072-0000000035009898-0267-a_fast,198789190,72,60259.67955277778,60285.070821863424,20.0,PUBLIC
654.01,35009898,CP,1.5275639,2892.4227936,1.3727055,1,tess2018235142541-s0002-s0072-0000000035009898,208733832,72,58542.72053027778,60285.08193403935,120.0,PUBLIC
654.01,35009898,CP,1.5275639,2892.4227936,1.3727055,1,tess2023315124025-s0072-0000000035009898-0267-s,198789193,72,60259.67955277778,60285.06526577546,120.0,PUBLIC
654.01,35009898,CP,1.5275639,2892.4227936,1.3727055,1,tess2023043185947-s0062-0000000035009898-0254-s,124142482,62,59987.944464548615,60013.65748857639,120.0,PUBLIC
654.01,35009898,CP,1.5275639,2892.4227936,1.3727055,1,tess2026033082000-s0100-0000000035009898-0302-s,381174719,100,61073.49712613426,61099.970306655094,120.0,PUBLIC
1552.01,326919774,FP,7.57193,420.0,2.656,0,tess2024300212641-s0085-0000000326919774-0282-s,233659505,85,60610.0585762037,60635.54857894676,120.0,PUBLIC
1552.01,326919774,FP,7.57193,420.0,2.656,0,tess2022302161335-s0058-0000000326919774-0247-a_fast,104655241,58,59881.83299778935,59909.55270144676,20.0,PUBLIC
1552.01,326919774,FP,7.57193,420.0,2.656,0,tess2022302161335-s0058-0000000326919774-0247-s,104655250,58,59881.83299778935,59909.552007025464,120.0,PUBLIC
1552.01,326919774,FP,7.57193,420.0,2.656,0,tess2019279210107-s0017-0000000326919774-0161-s,27546880,17,58764.18727537037,58789.19881267361,120.0,PUBLIC
1552.01,326919774,FP,7.57193,420.0,2.656,0,tess2019306063752-s0018-0000000326919774-0162-s,27588706,18,58790.1599290625,58814.53445521991,120.0,PUBLIC
5446.01,84788795,FP,4.4977307,5324.061552,3.2573447,0,tess2023289093419-s0071-0000000084788795-0266-s,197691333,71,60233.55331190972,60259.427741597225,120.0,PUBLIC
5446.01,84788795,FP,4.4977307,5324.061552,3.2573447,0,tess2018235142541-s0002-s0072-0000000084788795,208734729,72,60233.52969870371,60285.0819475463,120.0,PUBLIC
5446.01,84788795,FP,4.4977307,5324.061552,3.2573447,0,tess2023315124025-s0072-0000000084788795-0267-s,198791821,72,60260.50975564815,60285.08750326389,120.0,PUBLIC
2058.01,326732851,FP,1.51567,750.0,2.281,0,tess2024085201119-s0077-0000000326732851-0272-s,216504066,77,60394.98212616898,60423.04502976852,120.0,PUBLIC
2058.01,326732851,FP,1.51567,750.0,2.281,0,tess2024114025118-s0078-0000000326732851-0273-s,220255247,78,60433.76724861111,60451.81887541667,120.0,PUBLIC
2058.01,326732851,FP,1.51567,750.0,2.281,0,tess2019199201929-s0014-s0078-0000000326732851,242090500,78,60394.97657079861,60451.81748650463,120.0,PUBLIC
5129.01,101520163,PC,7.4121119,979.0,1.78,1,tess2021284114741-s0044-0000000101520163-0215-s,68727009,44,59499.69759363426,59523.94283076389,120.0,PUBLIC
5129.01,101520163,PC,7.4121119,979.0,1.78,1,tess2021310001228-s0045-0000000101520163-0216-s,71238215,45,59525.02624037037,59550.12924415509,120.0,PUBLIC
5129.01,101520163,PC,7.4121119,979.0,1.78,1,tess2021233042500-s0042-s0046-0000000101520163,71745587,46,59499.68231434028,59550.12924415509,120.0,PUBLIC
5129.01,101520163,PC,7.4121119,979.0,1.78,1,tess2023289093419-s0071-0000000101520163-0266-s,197692092,71,60234.48096502315,60259.38173125,120.0,PUBLIC
5129.01,101520163,PC,7.4121119,979.0,1.78,1,tess2023315124025-s0072-0000000101520163-0267-s,198792377,72,60260.50958371528,60285.08740009259,120.0,PUBLIC
5129.01,101520163,PC,7.4121119,979.0,1.78,1,tess2018235142541-s0002-s0072-0000000101520163,208734995,72,59499.68231434028,60285.08184435185,120.0,PUBLIC
1110.01,446549905,FP,2.4545635,4248.0,2.321,0,tess2020186164531-s0027-0000000446549905-0189-a_fast,27797711,27,59035.78198374,59060.14628921,20.0,PUBLIC
1110.01,446549905,FP,2.4545635,4248.0,2.321,0,tess2020186164531-s0027-0000000446549905-0189-s,27810422,27,59035.78198374,59060.14536332,120.0,PUBLIC
1110.01,446549905,FP,2.4545635,4248.0,2.321,0,tess2026111101500-s0103-0000000446549905-0305-s,417441140,103,61151.53305712963,61177.47089452546,120.0,PUBLIC
1110.01,446549905,FP,2.4545635,4248.0,2.321,0,tess2026111101500-s0103-0000000446549905-0305-a_fast,417441149,103,61151.53305712963,61177.47066303241,20.0,PUBLIC
1110.01,446549905,FP,2.4545635,4248.0,2.321,0,tess2026137223500-s0104-0000000446549905-0306-a_fast,426798224,104,61178.36770408565,61204.5592796875,20.0,PUBLIC
1110.01,446549905,FP,2.4545635,4248.0,2.321,0,tess2026137223500-s0104-0000000446549905-0306-s,426798228,104,61178.37788986111,61204.54562196759,120.0,PUBLIC
1916.01,98545929,KP,1.888231,4358.3260875,3.6693894,1,tess2020351194500-s0033-0000000098545929-0203-s,28218744,33,59201.234317,59227.07506507,120.0,PUBLIC
1916.01,98545929,KP,1.888231,4358.3260875,3.6693894,1,tess2020351194500-s0033-0000000098545929-0203-a_fast,28224021,33,59201.234317,59227.075991,20.0,PUBLIC
1916.01,98545929,KP,1.888231,4358.3260875,3.6693894,1,tess2018206190142-s0001-s0036-0000000098545929,61535540,36,59201.22876125,59253.56788944444,120.0,PUBLIC
1916.01,98545929,KP,1.888231,4358.3260875,3.6693894,1,tess2021014023720-s0034-0000000098545929-0204-a_fast,28297632,34,59228.2542456713,59253.56881534722,20.0,PUBLIC
1916.01,98545929,KP,1.888231,4358.3260875,3.6693894,1,tess2021014023720-s0034-0000000098545929-0204-s,28289173,34,59228.26952356481,59253.56788944444,120.0,PUBLIC
1916.01,98545929,KP,1.888231,4358.3260875,3.6693894,1,tess2018206190142-s0001-s0065-0000000098545929,160339344,65,59201.22876125,59987.72856092593,120.0,PUBLIC
1916.01,98545929,KP,1.888231,4358.3260875,3.6693894,1,tess2024353092137-s0087-0000000098545929-0284-s,238530498,87,60662.54706600695,60689.44058783565,120.0,PUBLIC
1916.01,98545929,KP,1.888231,4358.3260875,3.6693894,1,tess2025014115807-s0088-0000000098545929-0285-s,245361268,88,60689.65447673611,60717.4263825,120.0,PUBLIC
1916.01,98545929,KP,1.888231,4358.3260875,3.6693894,1,tess2023018032328-s0061-0000000098545929-0250-s,117950783,61,59962.30112736111,59987.72161667824,120.0,PUBLIC
1916.01,98545929,KP,1.888231,4358.3260875,3.6693894,1,tess2018206190142-s0001-s0096-0000000098545929,403475522,96,59201.22876125,60717.42360480324,120.0,PUBLIC
2283.01,198211976,FA,0.4018586,111.3648011,1.5779753,0,tess2020078014623-s0023-0000000198211976-0177-s,27349126,23,58927.60464926,58954.37544875,120.0,PUBLIC
2283.01,198211976,FA,0.4018586,111.3648011,1.5779753,0,tess2020106103520-s0024-0000000198211976-0180-s,27404704,24,58955.2948941,58981.78077691,120.0,PUBLIC
2283.01,198211976,FA,0.4018586,111.3648011,1.5779753,0,tess2020133194932-s0025-0000000198211976-0182-s,27637900,25,58983.13214863,59008.80540179,120.0,PUBLIC
2283.01,198211976,FA,0.4018586,111.3648011,1.5779753,0,tess2020160202036-s0026-0000000198211976-0188-s,27662201,26,59009.76648351852,59034.63413255787,120.0,PUBLIC
2283.01,198211976,FA,0.4018586,111.3648011,1.5779753,0,tess2019199201929-s0014-s0026-0000000198211976,27741969,26,58682.84656799769,59034.63413255787,120.0,PUBLIC
2283.01,198211976,FA,0.4018586,111.3648011,1.5779753,0,tess2021175071901-s0040-0000000198211976-0211-a_fast,62353418,40,59390.152189872686,59418.353582916665,20.0,PUBLIC
2283.01,198211976,FA,0.4018586,111.3648011,1.5779753,0,tess2021175071901-s0040-0000000198211976-0211-s,62353463,40,59390.152189872686,59418.35311996528,120.0,PUBLIC
2283.01,198211976,FA,0.4018586,111.3648011,1.5779753,0,tess2021204101404-s0041-0000000198211976-0212-s,62797421,41,59419.487820358794,59446.07774429398,120.0,PUBLIC
2283.01,198211976,FA,0.4018586,111.3648011,1.5779753,0,tess2021204101404-s0041-0000000198211976-0212-a_fast,62797437,41,59419.487820358794,59446.07890168981,20.0,PUBLIC
2283.01,198211976,FA,0.4018586,111.3648011,1.5779753,0,tess2021364111932-s0047-0000000198211976-0218-s,71658161,47,59579.313158703706,59606.439977905095,120.0,PUBLIC
2283.01,198211976,FA,0.4018586,111.3648011,1.5779753,0,tess2021364111932-s0047-0000000198211976-0218-a_fast,71658163,47,59579.300658541666,59606.44113532407,20.0,PUBLIC
2283.01,198211976,FA,0.4018586,111.3648011,1.5779753,0,tess2024003055635-s0074-0000000198211976-0269-s,212268001,74,60312.36286732639,60339.06883662037,120.0,PUBLIC
2283.01,198211976,FA,0.4018586,111.3648011,1.5779753,0,tess2024003055635-s0074-0000000198211976-0269-a_fast,212268004,74,60312.36286732639,60339.06976255787,20.0,PUBLIC
2283.01,198211976,FA,0.4018586,111.3648011,1.5779753,0,tess2024030031500-s0075-0000000198211976-0270-s,212749991,75,60339.284127743056,60366.98305229167,120.0,PUBLIC
2283.01,198211976,FA,0.4018586,111.3648011,1.5779753,0,tess2024030031500-s0075-0000000198211976-0270-a_fast,212749992,75,60339.284127743056,60366.983283773145,20.0,PUBLIC
2283.01,198211976,FA,0.4018586,111.3648011,1.5779753,0,tess2024058030222-s0076-0000000198211976-0271-a_fast,214428742,76,60367.19833168981,60394.27854907407,20.0,PUBLIC
2283.01,198211976,FA,0.4018586,111.3648011,1.5779753,0,tess2024058030222-s0076-0000000198211976-0271-s,214428747,76,60367.19833168981,60394.27762314815,120.0,PUBLIC
2283.01,198211976,FA,0.4018586,111.3648011,1.5779753,0,tess2024085201119-s0077-0000000198211976-0272-s,216499465,77,60394.985957060184,60423.049299363425,120.0,PUBLIC
2283.01,198211976,FA,0.4018586,111.3648011,1.5779753,0,tess2024085201119-s0077-0000000198211976-0272-a_fast,216499497,77,60394.985957060184,60423.05022528935,20.0,PUBLIC
2283.01,198211976,FA,0.4018586,111.3648011,1.5779753,0,tess2024114025118-s0078-0000000198211976-0273-a_fast,220237434,78,60433.77142300926,60451.82330434028,20.0,PUBLIC
2283.01,198211976,FA,0.4018586,111.3648011,1.5779753,0,tess2024114025118-s0078-0000000198211976-0273-s,220237448,78,60433.77142300926,60451.82260990741,120.0,PUBLIC
2283.01,198211976,FA,0.4018586,111.3648011,1.5779753,0,tess2024142205832-s0079-0000000198211976-0274-a_fast,222853552,79,60452.0378728125,60479.17357309028,20.0,PUBLIC
2283.01,198211976,FA,0.4018586,111.3648011,1.5779753,0,tess2024142205832-s0079-0000000198211976-0274-s,222853559,79,60452.0378728125,60479.17357309028,120.0,PUBLIC
2283.01,198211976,FA,0.4018586,111.3648011,1.5779753,0,tess2024170053053-s0080-0000000198211976-0275-s,229369048,80,60479.38746440972,60505.83563596065,120.0,PUBLIC
2283.01,198211976,FA,0.4018586,111.3648011,1.5779753,0,tess2024170053053-s0080-0000000198211976-0275-a_fast,229422777,80,60479.38746440972,60505.83633039352,20.0,PUBLIC
2283.01,198211976,FA,0.4018586,111.3648011,1.5779753,0,tess2024196212429-s0081-0000000198211976-0276-s,229889039,81,60506.050911412036,60532.675516863426,120.0,PUBLIC
2283.01,198211976,FA,0.4018586,111.3648011,1.5779753,0,tess2024196212429-s0081-0000000198211976-0276-a_fast,229889041,81,60506.050911412036,60532.6762112963,20.0,PUBLIC
2283.01,198211976,FA,0.4018586,111.3648011,1.5779753,0,tess2019198215352-s0014-0000000198211976-0150-s,27443843,14,58682.852123460645,58709.70312799769,120.0,PUBLIC
2283.01,198211976,FA,0.4018586,111.3648011,1.5779753,0,tess2024223182411-s0082-0000000198211976-0278-a_fast,232641642,82,60532.89079174768,60558.74538925926,20.0,PUBLIC
2283.01,198211976,FA,0.4018586,111.3648011,1.5779753,0,tess2024223182411-s0082-0000000198211976-0278-s,232641645,82,60532.89079174768,60558.74469482639,120.0,PUBLIC
2283.01,198211976,FA,0.4018586,111.3648011,1.5779753,0,tess2024249191853-s0083-0000000198211976-0280-s,233046362,83,60558.92524888889,60583.87376523148,120.0,PUBLIC
2283.01,198211976,FA,0.4018586,111.3648011,1.5779753,0,tess2024249191853-s0083-0000000198211976-0280-a_fast,233046365,83,60558.92524888889,60583.87376523148,20.0,PUBLIC
2283.01,198211976,FA,0.4018586,111.3648011,1.5779753,0,tess2024274222008-s0084-0000000198211976-0281-s,233388847,84,60584.087654421295,60609.839129155094,120.0,PUBLIC
2283.01,198211976,FA,0.4018586,111.3648011,1.5779753,0,tess2024300212641-s0085-0000000198211976-0282-s,233652545,85,60610.05301981481,60635.54355090278,120.0,PUBLIC
2283.01,198211976,FA,0.4018586,111.3648011,1.5779753,0,tess2024326142117-s0086-0000000198211976-0283-s,236655505,86,60635.758831875,60662.32588675926,120.0,PUBLIC
2283.01,198211976,FA,0.4018586,111.3648011,1.5779753,0,tess2019199201929-s0014-s0086-0000000198211976,262990303,86,58682.84656798611,60662.32588674768,120.0,PUBLIC
2283.01,198211976,FA,0.4018586,111.3648011,1.5779753,0,tess2022027120115-s0048-0000000198211976-0219-s,71761189,48,59607.43304498843,59635.48615085648,120.0,PUBLIC
2283.01,198211976,FA,0.4018586,111.3648011,1.5779753,0,tess2022027120115-s0048-0000000198211976-0219-a_fast,71761192,48,59607.43304498843,59635.48661383102,20.0,PUBLIC
2283.01,198211976,FA,0.4018586,111.3648011,1.5779753,0,tess2022057073128-s0049-0000000198211976-0221-s,82441201,49,59636.972269895836,59663.815452905095,120.0,PUBLIC
2283.01,198211976,FA,0.4018586,111.3648011,1.5779753,0,tess2022057073128-s0049-0000000198211976-0221-a_fast,82441203,49,59636.972269895836,59663.8166103125,20.0,PUBLIC
2283.01,198211976,FA,0.4018586,111.3648011,1.5779753,0,tess2022085151738-s0050-0000000198211976-0222-a_fast,83237881,50,59664.77100707176,59691.01097290509,20.0,PUBLIC
2283.01,198211976,FA,0.4018586,111.3648011,1.5779753,0,tess2022085151738-s0050-0000000198211976-0222-s,83237883,50,59664.77100707176,59691.00981550926,120.0,PUBLIC
2283.01,198211976,FA,0.4018586,111.3648011,1.5779753,0,tess2022112184951-s0051-0000000198211976-0223-a_fast,87495652,51,59692.447301354165,59717.03502364583,20.0,PUBLIC
2283.01,198211976,FA,0.4018586,111.3648011,1.5779753,0,tess2022112184951-s0051-0000000198211976-0223-s,87495653,51,59692.45424571759,59717.03456069445,120.0,PUBLIC
2283.01,198211976,FA,0.4018586,111.3648011,1.5779753,0,tess2022138205153-s0052-0000000198211976-0224-s,87642202,52,59718.13453855324,59742.57585163195,120.0,PUBLIC
2283.01,198211976,FA,0.4018586,111.3648011,1.5779753,0,tess2022138205153-s0052-0000000198211976-0224-a_fast,87642204,52,59718.13453855324,59742.57631458333,20.0,PUBLIC
2283.01,198211976,FA,0.4018586,111.3648011,1.5779753,0,tess2022164095748-s0053-0000000198211976-0226-a_fast,87749779,53,59743.49527950231,59768.478664131944,20.0,PUBLIC
2283.01,198211976,FA,0.4018586,111.3648011,1.5779753,0,tess2022164095748-s0053-0000000198211976-0226-s,87749782,53,59743.49527950231,59768.47820118056,120.0,PUBLIC
2283.01,198211976,FA,0.4018586,111.3648011,1.5779753,0,tess2022190063128-s0054-0000000198211976-0227-s,91549633,54,59769.39763474537,59795.62778616898,120.0,PUBLIC
2283.01,198211976,FA,0.4018586,111.3648011,1.5779753,0,tess2022190063128-s0054-0000000198211976-0227-a_fast,91549642,54,59769.39763474537,59795.62778616898,20.0,PUBLIC
2283.01,198211976,FA,0.4018586,111.3648011,1.5779753,0,tess2022217014003-s0055-0000000198211976-0242-s,93775807,55,59796.59860221065,59823.762189375,120.0,PUBLIC
2283.01,198211976,FA,0.4018586,111.3648011,1.5779753,0,tess2022217014003-s0055-0000000198211976-0242-a_fast,93775814,55,59796.59860221065,59823.76288381944,20.0,PUBLIC
2283.01,198211976,FA,0.4018586,111.3648011,1.5779753,0,tess2019199201929-s0014-s0055-0000000198211976,96864233,55,58682.84656799769,59823.762189375,120.0,PUBLIC
2283.01,198211976,FA,0.4018586,111.3648011,1.5779753,0,tess2022244194134-s0056-0000000198211976-0243-s,97934507,56,59824.75523278935,59852.63705898148,120.0,PUBLIC
2283.01,198211976,FA,0.4018586,111.3648011,1.5779753,0,tess2022244194134-s0056-0000000198211976-0243-a_fast,97934550,56,59824.75523278935,59852.63775342592,20.0,PUBLIC
2283.01,198211976,FA,0.4018586,111.3648011,1.5779753,0,tess2022273165103-s0057-0000000198211976-0245-a_fast,101299993,57,59852.85233612268,59881.61355011574,20.0,PUBLIC
2283.01,198211976,FA,0.4018586,111.3648011,1.5779753,0,tess2022273165103-s0057-0000000198211976-0245-s,101299998,57,59852.85233612268,59881.61355011574,120.0,PUBLIC
2283.01,198211976,FA,0.4018586,111.3648011,1.5779753,0,tess2022302161335-s0058-0000000198211976-0247-s,104649779,58,59881.82744017361,59909.54718167824,120.0,PUBLIC
2283.01,198211976,FA,0.4018586,111.3648011,1.5779753,0,tess2022302161335-s0058-0000000198211976-0247-a_fast,104649783,58,59881.82744017361,59909.547876122684,20.0,PUBLIC
2283.01,198211976,FA,0.4018586,111.3648011,1.5779753,0,tess2022330142927-s0059-0000000198211976-0248-s,113386581,59,59909.7624621875,59936.18647395833,120.0,PUBLIC
2283.01,198211976,FA,0.4018586,111.3648011,1.5779753,0,tess2022330142927-s0059-0000000198211976-0248-a_fast,113386590,59,59909.7624621875,59936.18716840278,20.0,PUBLIC
2283.01,198211976,FA,0.4018586,111.3648011,1.5779753,0,tess2022357055054-s0060-0000000198211976-0249-s,114309378,60,59936.40175473379,59962.08272431713,120.0,PUBLIC
2283.01,198211976,FA,0.4018586,111.3648011,1.5779753,0,tess2022357055054-s0060-0000000198211976-0249-a_fast,114309384,60,59936.40175473379,59962.083418773145,20.0,PUBLIC
2283.01,198211976,FA,0.4018586,111.3648011,1.5779753,0,tess2019199201929-s0014-s0060-0000000198211976,117282899,60,58682.84656799769,59962.08272431713,120.0,PUBLIC
2283.01,198211976,FA,0.4018586,111.3648011,1.5779753,0,tess2019226182529-s0015-0000000198211976-0151-s,27486601,15,58710.862836643515,58736.908431655094,120.0,PUBLIC
2283.01,198211976,FA,0.4018586,111.3648011,1.5779753,0,tess2019253231442-s0016-0000000198211976-0152-s,27521364,16,58738.15009033565,58762.81808873842,120.0,PUBLIC
2283.01,198211976,FA,0.4018586,111.3648011,1.5779753,0,tess2019279210107-s0017-0000000198211976-0161-s,27554792,17,58764.18198642361,58789.19322346065,120.0,PUBLIC
2283.01,198211976,FA,0.4018586,111.3648011,1.5779753,0,tess2019306063752-s0018-0000000198211976-0162-s,27596657,18,58790.15434184028,58814.5129497338,120.0,PUBLIC
2283.01,198211976,FA,0.4018586,111.3648011,1.5779753,0,tess2019331140908-s0019-0000000198211976-0164-s,27700471,19,58815.582408981485,58840.63556916667,120.0,PUBLIC
2283.01,198211976,FA,0.4018586,111.3648011,1.5779753,0,tess2019357164649-s0020-0000000198211976-0165-s,27230755,20,58842.002257858796,58868.32212642361,120.0,PUBLIC
2283.01,198211976,FA,0.4018586,111.3648011,1.5779753,0,tess2020020091053-s0021-0000000198211976-0167-s,27279100,21,58869.93326082176,58897.280839976855,120.0,PUBLIC
2283.01,198211976,FA,0.4018586,111.3648011,1.5779753,0,tess2020049080258-s0022-0000000198211976-0174-s,27321638,22,58898.81696520833,58925.993535277776,120.0,PUBLIC
5463.01,437786834,PC,1.100804,3509.2224564,1.4856033,1,tess2023289093419-s0071-0000000437786834-0266-s,197699593,71,60233.540590069446,60259.456349583335,120.0,PUBLIC
5463.01,437786834,PC,1.100804,3509.2224564,1.4856033,1,tess2023315124025-s0072-0000000437786834-0267-s,198798937,72,60260.525847083336,60285.08782940972,120.0,PUBLIC
5463.01,437786834,PC,1.100804,3509.2224564,1.4856033,1,tess2018235142541-s0002-s0072-0000000437786834,208738371,72,60233.53086706019,60285.08227380787,120.0,PUBLIC
3220.01,304950588,FP,7.4316274,13740.0,3.868,0,tess2023096110322-s0064-0000000304950588-0257-s,139098373,64,60040.61617638889,60067.534389016204,120.0,PUBLIC
4569.01,149126400,FP,1.2253159,6006.5175069,3.435758,0,tess2020186164531-s0027-0000000149126400-0189-s,27800796,27,59035.77704368,59060.1411278,120.0,PUBLIC
4569.01,149126400,FP,1.2253159,6006.5175069,3.435758,0,tess2020266004630-s0030-0000000149126400-0195-s,27991814,30,59115.38458542,59142.72216914,120.0,PUBLIC
4569.01,149126400,FP,1.2253159,6006.5175069,3.435758,0,tess2021039152502-s0035-0000000149126400-0205-s,60670103,35,59254.48816940972,59279.47822896991,120.0,PUBLIC
4569.01,149126400,FP,1.2253159,6006.5175069,3.435758,0,tess2021065132309-s0036-0000000149126400-0207-s,60765962,36,59280.40183393518,59305.48778699074,120.0,PUBLIC
4569.01,149126400,FP,1.2253159,6006.5175069,3.435758,0,tess2021091135823-s0037-0000000149126400-0208-s,61148139,37,59306.750284050926,59332.077992025464,120.0,PUBLIC
4569.01,149126400,FP,1.2253159,6006.5175069,3.435758,0,tess2021118034608-s0038-0000000149126400-0209-s,61594891,38,59333.352994166664,59360.050252326386,120.0,PUBLIC
4569.01,149126400,FP,1.2253159,6006.5175069,3.435758,0,tess2021146024351-s0039-0000000149126400-0210-s,62007297,39,59361.26970369213,59389.21706847222,120.0,PUBLIC
4569.01,149126400,FP,1.2253159,6006.5175069,3.435758,0,tess2018206190142-s0001-s0039-0000000149126400,62340928,39,59035.77148806713,59389.21706847222,120.0,PUBLIC
4569.01,149126400,FP,1.2253159,6006.5175069,3.435758,0,tess2023096110322-s0064-0000000149126400-0257-s,139091270,64,60040.61243138889,60067.53043122685,120.0,PUBLIC
4569.01,149126400,FP,1.2253159,6006.5175069,3.435758,0,tess2023153011303-s0066-0000000149126400-0260-s,173751993,66,60097.17216417824,60125.92649752315,120.0,PUBLIC
4569.01,149126400,FP,1.2253159,6006.5175069,3.435758,0,tess2023209231226-s0068-0000000149126400-0262-s,176748238,68,60154.11699861111,60181.626946689816,120.0,PUBLIC
4569.01,149126400,FP,1.2253159,6006.5175069,3.435758,0,tess2023237165326-s0069-0000000149126400-0264-s,182733930,69,60181.85333819444,60207.638230185185,120.0,PUBLIC
4569.01,149126400,FP,1.2253159,6006.5175069,3.435758,0,tess2018206190142-s0001-s0069-0000000149126400,198772774,69,59035.77148806713,60207.63267460648,120.0,PUBLIC
4569.01,149126400,FP,1.2253159,6006.5175069,3.435758,0,tess2024353092137-s0087-0000000149126400-0284-s,238532112,87,60662.54029164352,60689.43728640046,120.0,PUBLIC
4569.01,149126400,FP,1.2253159,6006.5175069,3.435758,0,tess2025014115807-s0088-0000000149126400-0285-s,245363263,88,60689.65117322917,60717.42313224537,120.0,PUBLIC
4569.01,149126400,FP,1.2253159,6006.5175069,3.435758,0,tess2025042113628-s0089-0000000149126400-0286-s,252311012,89,60717.63701907407,60746.443720717594,120.0,PUBLIC
4569.01,149126400,FP,1.2253159,6006.5175069,3.435758,0,tess2025071122000-s0090-0000000149126400-0287-s,262859581,90,60746.657608078705,60774.57551231481,120.0,PUBLIC
4569.01,149126400,FP,1.2253159,6006.5175069,3.435758,0,tess2023018032328-s0061-0000000149126400-0250-s,117952826,61,59962.29777256944,59987.71558545139,120.0,PUBLIC
4569.01,149126400,FP,1.2253159,6006.5175069,3.435758,0,tess2023043185947-s0062-0000000149126400-0254-s,124151628,62,59987.93919564815,60013.65147651621,120.0,PUBLIC
4569.01,149126400,FP,1.2253159,6006.5175069,3.435758,0,tess2023069172124-s0063-0000000149126400-0255-s,127090022,63,60013.86675328704,60040.39854263889,120.0,PUBLIC
4569.01,149126400,FP,1.2253159,6006.5175069,3.435758,0,tess2018206190142-s0001-s0065-0000000149126400,160342551,65,59035.77148806713,60096.124935810185,120.0,PUBLIC
4569.01,149126400,FP,1.2253159,6006.5175069,3.435758,0,tess2023124020739-s0065-0000000149126400-0259-s,151524775,65,60068.23737663194,60096.12771361111,120.0,PUBLIC
4569.01,149126400,FP,1.2253159,6006.5175069,3.435758,0,tess2025154050500-s0093-0000000149126400-0290-s,300578144,93,60829.37137695602,60855.54792039352,120.0,PUBLIC
4569.01,149126400,FP,1.2253159,6006.5175069,3.435758,0,tess2025206162959-s0095-0000000149126400-0292-s,337175096,95,60881.84812596065,60907.041391238425,120.0,PUBLIC
4569.01,149126400,FP,1.2253159,6006.5175069,3.435758,0,tess2025232030459-s0096-0000000149126400-0293-s,354008837,96,60907.27333696759,60932.93185231482,120.0,PUBLIC
4569.01,149126400,FP,1.2253159,6006.5175069,3.435758,0,tess2018206190142-s0001-s0096-0000000149126400,403487565,96,59035.77148806713,60932.93879680555,120.0,PUBLIC
7903.01,169176556,KP,8.0250116,3499.9191249,5.0411326,1,tess2024003055635-s0074-0000000169176556-0269-s,212267569,74,60312.36046884259,60339.06558582176,120.0,PUBLIC
7903.01,169176556,KP,8.0250116,3499.9191249,5.0411326,1,tess2024030031500-s0075-0000000169176556-0270-s,212749444,75,60339.28086239583,60366.97965231482,120.0,PUBLIC
7903.01,169176556,KP,8.0250116,3499.9191249,5.0411326,1,tess2024196212429-s0081-0000000169176556-0276-s,229888572,81,60506.05377648148,60532.67895880787,120.0,PUBLIC
7903.01,169176556,KP,8.0250116,3499.9191249,5.0411326,1,tess2024223182411-s0082-0000000169176556-0278-s,232641100,82,60532.89423601852,60558.74803606481,120.0,PUBLIC
7903.01,169176556,KP,8.0250116,3499.9191249,5.0411326,1,tess2019199201929-s0014-s0086-0000000169176556,262989925,86,60312.3549134375,60558.742480636574,120.0,PUBLIC
3184.01,366248595,PC,3.6071588,4270.0,3.947,1,tess2026086090000-s0102-0000000366248595-0304-s,395671780,102,61126.533205810185,61151.21373873843,120.0,PUBLIC
3184.01,366248595,PC,3.6071588,4270.0,3.947,1,tess2026111101500-s0103-0000000366248595-0305-s,417425338,103,61151.9304178588,61177.27402474537,120.0,PUBLIC
6003.01,121731834,KP,5.8599392,289.4487735,4.0842391,1,tess2021175071901-s0040-0000000121731834-0211-a_fast,62349340,40,59390.15448236111,59418.356637523146,20.0,PUBLIC
6003.01,121731834,KP,5.8599392,289.4487735,4.0842391,1,tess2021175071901-s0040-0000000121731834-0211-s,62349426,40,59390.15448236111,59418.356174560184,120.0,PUBLIC
6003.01,121731834,KP,5.8599392,289.4487735,4.0842391,1,tess2021204101404-s0041-0000000121731834-0212-s,62792700,41,59419.49089453703,59446.080889606485,120.0,PUBLIC
6003.01,121731834,KP,5.8599392,289.4487735,4.0842391,1,tess2021204101404-s0041-0000000121731834-0212-a_fast,62792707,41,59419.49089453703,59446.08204699074,20.0,PUBLIC
6003.01,121731834,KP,5.8599392,289.4487735,4.0842391,1,tess2024003055635-s0074-0000000121731834-0269-s,212265221,74,60312.36033037037,60339.06574416667,120.0,PUBLIC
6003.01,121731834,KP,5.8599392,289.4487735,4.0842391,1,tess2024030031500-s0075-0000000121731834-0270-s,212747119,75,60339.28102307871,60366.98008466435,120.0,PUBLIC
6003.01,121731834,KP,5.8599392,289.4487735,4.0842391,1,tess2024170053053-s0080-0000000121731834-0275-s,229366662,80,60479.38949732639,60505.83853180556,120.0,PUBLIC
6003.01,121731834,KP,5.8599392,289.4487735,4.0842391,1,tess2024196212429-s0081-0000000121731834-0276-s,229886975,81,60506.0538116088,60532.6787118287,120.0,PUBLIC
6003.01,121731834,KP,5.8599392,289.4487735,4.0842391,1,tess2019198215352-s0014-0000000121731834-0150-s,27445622,14,58682.85509680556,58709.7063187963,120.0,PUBLIC
6003.01,121731834,KP,5.8599392,289.4487735,4.0842391,1,tess2024223182411-s0082-0000000121731834-0278-s,232639422,82,60532.89398716435,60558.747561261574,120.0,PUBLIC
6003.01,121731834,KP,5.8599392,289.4487735,4.0842391,1,tess2019199201929-s0014-s0078-0000000121731834,242087002,78,58682.84954123843,60366.975917881944,120.0,PUBLIC
6003.01,121731834,KP,5.8599392,289.4487735,4.0842391,1,tess2019199201929-s0014-s0086-0000000121731834,262989026,86,58682.84954123843,60558.74478356481,120.0,PUBLIC
6003.01,121731834,KP,5.8599392,289.4487735,4.0842391,1,tess2022190063128-s0054-0000000121731834-0227-a_fast,91546048,54,59769.40036800926,59795.63095086806,20.0,PUBLIC
6003.01,121731834,KP,5.8599392,289.4487735,4.0842391,1,tess2022190063128-s0054-0000000121731834-0227-s,91546058,54,59769.40036800926,59795.63095086806,120.0,PUBLIC
6003.01,121731834,KP,5.8599392,289.4487735,4.0842391,1,tess2022217014003-s0055-0000000121731834-0242-a_fast,93771084,55,59796.60177447917,59823.76583230324,20.0,PUBLIC
6003.01,121731834,KP,5.8599392,289.4487735,4.0842391,1,tess2019199201929-s0014-s0055-0000000121731834,96862577,55,58682.84954123843,59823.76513787037,120.0,PUBLIC
6003.01,121731834,KP,5.8599392,289.4487735,4.0842391,1,tess2022217014003-s0055-0000000121731834-0242-s,93771093,55,59796.60177447917,59823.76513787037,120.0,PUBLIC
6623.01,207937389,PC,3.1791661,16245.0,2.844,1,tess2026005125623-s0099-0000000207937389-0300-s,378414789,99,61045.61102340278,61073.27681452546,120.0,PUBLIC
6623.01,207937389,PC,3.1791661,16245.0,2.844,1,tess2026033082000-s0100-0000000207937389-0302-s,381178170,100,61073.49210378472,61099.96625450232,120.0,PUBLIC
6623.01,207937389,PC,3.1791661,16245.0,2.844,1,tess2026060005000-s0101-0000000207937389-0303-s,389895643,101,61100.18155886574,61126.30815660879,120.0,PUBLIC
6623.01,207937389,PC,3.1791661,16245.0,2.844,1,tess2026086090000-s0102-0000000207937389-0304-s,395665911,102,61126.53594739583,61151.213271168985,120.0,PUBLIC
3781.01,470974162,FP,3.2583798,4800.0,2.196,0,tess2021364111932-s0047-0000000470974162-0218-s,71670525,47,59579.32091688657,59606.44417510417,120.0,PUBLIC
2384.01,382602147,CP,2.1357026,29272.618489,1.9116457,1,tess2020212050318-s0028-0000000382602147-0190-s,27822137,28,59061.35130084,59086.5987838,120.0,PUBLIC
2384.01,382602147,CP,2.1357026,29272.618489,1.9116457,1,tess2020238165205-s0029-0000000382602147-0193-s,27913370,29,59087.74045701,59113.92780581,120.0,PUBLIC
2384.01,382602147,CP,2.1357026,29272.618489,1.9116457,1,tess2018206190142-s0001-s0036-0000000382602147,61532970,36,59061.34574517361,59113.934750162036,120.0,PUBLIC
2384.01,382602147,CP,2.1357026,29272.618489,1.9116457,1,tess2023209231226-s0068-0000000382602147-0262-s,176761136,68,60154.12019023148,60181.628841909725,120.0,PUBLIC
2384.01,382602147,CP,2.1357026,29272.618489,1.9116457,1,tess2023237165326-s0069-0000000382602147-0264-s,182751255,69,60181.85523262731,60207.63983673611,120.0,PUBLIC
2384.01,382602147,CP,2.1357026,29272.618489,1.9116457,1,tess2018206190142-s0001-s0069-0000000382602147,198776351,69,59061.34574517361,60207.63705898148,120.0,PUBLIC
2384.01,382602147,CP,2.1357026,29272.618489,1.9116457,1,tess2025206162959-s0095-0000000382602147-0292-s,337297778,95,60882.0290772338,60907.04331016204,120.0,PUBLIC
2384.01,382602147,CP,2.1357026,29272.618489,1.9116457,1,tess2025232030459-s0096-0000000382602147-0293-s,354028725,96,60907.27525521991,60932.934943368055,120.0,PUBLIC
2384.01,382602147,CP,2.1357026,29272.618489,1.9116457,1,tess2018206190142-s0001-s0096-0000000382602147,403560995,96,59061.34574517361,60932.94327658565,120.0,PUBLIC
7463.01,274198407,KP,4.662632,1943.3492565,2.8167212,1,tess2021204101404-s0041-0000000274198407-0212-s,62803705,41,59419.49050335648,59446.08089096065,120.0,PUBLIC
7463.01,274198407,KP,4.662632,1943.3492565,2.8167212,1,tess2024003055635-s0074-0000000274198407-0269-s,212271184,74,60312.36094650463,60339.06600471065,120.0,PUBLIC
7463.01,274198407,KP,4.662632,1943.3492565,2.8167212,1,tess2024030031500-s0075-0000000274198407-0270-s,212753453,75,60339.28128027778,60366.979912662035,120.0,PUBLIC
7463.01,274198407,KP,4.662632,1943.3492565,2.8167212,1,tess2024196212429-s0081-0000000274198407-0276-s,229893231,81,60506.053291944445,60532.67856761574,120.0,PUBLIC
7463.01,274198407,KP,4.662632,1943.3492565,2.8167212,1,tess2024223182411-s0082-0000000274198407-0278-s,232645632,82,60532.893845810184,60558.747811423615,120.0,PUBLIC
7463.01,274198407,KP,4.662632,1943.3492565,2.8167212,1,tess2019199201929-s0014-s0078-0000000274198407,242089732,78,59419.484947743054,60366.979912662035,120.0,PUBLIC
7463.01,274198407,KP,4.662632,1943.3492565,2.8167212,1,tess2019199201929-s0014-s0086-0000000274198407,262993324,86,59419.484947743054,60558.74225596065,120.0,PUBLIC
7463.01,274198407,KP,4.662632,1943.3492565,2.8167212,1,tess2022190063128-s0054-0000000274198407-0227-s,91557634,54,59769.399776736114,59795.63071196759,120.0,PUBLIC
7463.01,274198407,KP,4.662632,1943.3492565,2.8167212,1,tess2022217014003-s0055-0000000274198407-0242-s,93784670,55,59796.60154993056,59823.76532472222,120.0,PUBLIC
1615.01,317507345,FP,3.9401791,13317.0,1.991,0,tess2019199201929-s0014-s0055-0000000317507345,96867767,55,58790.15185365741,59742.57051167824,120.0,PUBLIC
1615.01,317507345,FP,3.9401791,13317.0,1.991,0,tess2019199201929-s0014-s0060-0000000317507345,117285644,60,58790.15185365741,59936.18580412037,120.0,PUBLIC
1615.01,317507345,FP,3.9401791,13317.0,1.991,0,tess2023341045131-s0073-0000000317507345-0268-s,206185361,73,60285.29980108796,60312.15063366898,120.0,PUBLIC
1615.01,317507345,FP,3.9401791,13317.0,1.991,0,tess2024142205832-s0079-0000000317507345-0274-s,222875321,79,60452.03483105324,60479.17119990741,120.0,PUBLIC
1615.01,317507345,FP,3.9401791,13317.0,1.991,0,tess2019199201929-s0014-s0078-0000000317507345,242090400,78,58790.15185365741,60451.81399795139,120.0,PUBLIC
1615.01,317507345,FP,3.9401791,13317.0,1.991,0,tess2024114025118-s0078-0000000317507345-0273-s,220254204,78,60433.7682756713,60451.819553483794,120.0,PUBLIC
1615.01,317507345,FP,3.9401791,13317.0,1.991,0,tess2019199201929-s0014-s0086-0000000317507345,262994285,86,58790.15185365741,60479.168422083334,120.0,PUBLIC
1615.01,317507345,FP,3.9401791,13317.0,1.991,0,tess2022138205153-s0052-0000000317507345-0224-s,87650677,52,59718.13146722222,59742.57328949074,120.0,PUBLIC
1615.01,317507345,FP,3.9401791,13317.0,1.991,0,tess2022302161335-s0058-0000000317507345-0247-s,104654998,58,59881.830450497684,59909.550055486114,120.0,PUBLIC
1615.01,317507345,FP,3.9401791,13317.0,1.991,0,tess2022330142927-s0059-0000000317507345-0248-s,113392731,59,59909.76533204861,59936.188581828705,120.0,PUBLIC
1615.01,317507345,FP,3.9401791,13317.0,1.991,0,tess2019306063752-s0018-0000000317507345-0162-s,27604775,18,58790.157409293985,58814.517227199074,120.0,PUBLIC
3076.01,447593267,PC,7.8595931,18530.0,1.902,1,tess2023096110322-s0064-0000000447593267-0257-s,139105875,64,60040.61615957176,60067.53377288194,120.0,PUBLIC
3076.01,447593267,PC,7.8595931,18530.0,1.902,1,tess2018206190142-s0001-s0065-0000000447593267,160362380,65,60013.86453988426,60067.53099518519,120.0,PUBLIC
3076.01,447593267,PC,7.8595931,18530.0,1.902,1,tess2025071122000-s0090-0000000447593267-0287-s,262868752,90,60746.6610050463,60774.57922371528,120.0,PUBLIC
3076.01,447593267,PC,7.8595931,18530.0,1.902,1,tess2023069172124-s0063-0000000447593267-0255-s,127099624,63,60013.870095555554,60040.402271099534,120.0,PUBLIC
3076.01,447593267,PC,7.8595931,18530.0,1.902,1,tess2026005125623-s0099-0000000447593267-0300-s,378420806,99,61045.61358181713,61073.27893136574,120.0,PUBLIC
3076.01,447593267,PC,7.8595931,18530.0,1.902,1,tess2018206190142-s0001-s0096-0000000447593267,403575101,96,60013.86453988426,60774.57366819445,120.0,PUBLIC
1178.01,359496368,FP,2.6652007,819.0,3.49,0,tess2020106103520-s0024-0000000359496368-0180-s,27397910,24,58955.29397134,58981.78059289,120.0,PUBLIC
1178.01,359496368,FP,2.6652007,819.0,3.49,0,tess2020133194932-s0025-0000000359496368-0182-s,27625469,25,58983.13479576,59008.80601745,120.0,PUBLIC
1178.01,359496368,FP,2.6652007,819.0,3.49,0,tess2020078014623-s0023-0000000359496368-0177-s,27363140,23,58927.6156612037,58954.374512916664,120.0,PUBLIC
1178.01,359496368,FP,2.6652007,819.0,3.49,0,tess2019199201929-s0014-s0023-0000000359496368,62288349,23,58682.84807962963,58954.374512916664,120.0,PUBLIC
1178.01,359496368,FP,2.6652007,819.0,3.49,0,tess2019199201929-s0014-s0016-0000000359496368,62289518,16,58682.84810241898,58736.91010267361,120.0,PUBLIC
1178.01,359496368,FP,2.6652007,819.0,3.49,0,tess2020160202036-s0026-0000000359496368-0188-s,27673036,26,59009.767138344905,59034.63539456019,120.0,PUBLIC
1178.01,359496368,FP,2.6652007,819.0,3.49,0,tess2019199201929-s0014-s0026-0000000359496368,27741958,26,58682.84807962963,59034.63539456019,120.0,PUBLIC
1178.01,359496368,FP,2.6652007,819.0,3.49,0,tess2021175071901-s0040-0000000359496368-0211-s,62363013,40,59390.15323430556,59418.3546965625,120.0,PUBLIC
1178.01,359496368,FP,2.6652007,819.0,3.49,0,tess2021175071901-s0040-0000000359496368-0211-a_fast,62363046,40,59390.15323430556,59418.35515952546,20.0,PUBLIC
1178.01,359496368,FP,2.6652007,819.0,3.49,0,tess2021204101404-s0041-0000000359496368-0212-a_fast,62806730,41,59419.48941349537,59446.08066305555,20.0,PUBLIC
1178.01,359496368,FP,2.6652007,819.0,3.49,0,tess2019199201929-s0014-s0041-0000000359496368,64267527,41,58682.84807962963,59446.07950565972,120.0,PUBLIC
1178.01,359496368,FP,2.6652007,819.0,3.49,0,tess2021204101404-s0041-0000000359496368-0212-s,62806733,41,59419.48941349537,59446.07950565972,120.0,PUBLIC
1178.01,359496368,FP,2.6652007,819.0,3.49,0,tess2021364111932-s0047-0000000359496368-0218-a_fast,71667226,47,59579.29949237269,59606.439505891205,20.0,PUBLIC
1178.01,359496368,FP,2.6652007,819.0,3.49,0,tess2021364111932-s0047-0000000359496368-0218-s,71667228,47,59579.31477,59606.438348483796,120.0,PUBLIC
1178.01,359496368,FP,2.6652007,819.0,3.49,0,tess2019198215352-s0014-0000000359496368-0150-s,27436903,14,58682.853635162035,58709.70488694445,120.0,PUBLIC
1178.01,359496368,FP,2.6652007,819.0,3.49,0,tess2024274222008-s0084-0000000359496368-0281-s,233397235,84,60584.08897246528,60609.83982252315,120.0,PUBLIC
1178.01,359496368,FP,2.6652007,819.0,3.49,0,tess2024300212641-s0085-0000000359496368-0282-s,233660807,85,60610.05370810185,60635.54348458333,120.0,PUBLIC
1178.01,359496368,FP,2.6652007,819.0,3.49,0,tess2019199201929-s0014-s0086-0000000359496368,262995224,86,58682.84807962963,60662.325044074074,120.0,PUBLIC
1178.01,359496368,FP,2.6652007,819.0,3.49,0,tess2024326142117-s0086-0000000359496368-0283-s,236663179,86,60635.758759143515,60662.325044074074,120.0,PUBLIC
1178.01,359496368,FP,2.6652007,819.0,3.49,0,tess2022027120115-s0048-0000000359496368-0219-a_fast,71770389,48,59607.431406979165,59635.48489189815,20.0,PUBLIC
1178.01,359496368,FP,2.6652007,819.0,3.49,0,tess2022027120115-s0048-0000000359496368-0219-s,71770391,48,59607.431406979165,59635.48442893518,120.0,PUBLIC
1178.01,359496368,FP,2.6652007,819.0,3.49,0,tess2022057073128-s0049-0000000359496368-0221-a_fast,82450751,49,59636.9705577662,59663.81521259259,20.0,PUBLIC
1178.01,359496368,FP,2.6652007,819.0,3.49,0,tess2022057073128-s0049-0000000359496368-0221-s,82450756,49,59636.9705577662,59663.81405516204,120.0,PUBLIC
1178.01,359496368,FP,2.6652007,819.0,3.49,0,tess2019199201929-s0014-s0050-0000000359496368,87591303,50,58682.84807962963,59691.00903642361,120.0,PUBLIC
1178.01,359496368,FP,2.6652007,819.0,3.49,0,tess2022085151738-s0050-0000000359496368-0222-s,83247427,50,59664.76962885417,59691.00903642361,120.0,PUBLIC
1178.01,359496368,FP,2.6652007,819.0,3.49,0,tess2022085151738-s0050-0000000359496368-0222-a_fast,83247430,50,59664.76962885417,59691.01019385417,20.0,PUBLIC
1178.01,359496368,FP,2.6652007,819.0,3.49,0,tess2022112184951-s0051-0000000359496368-0223-s,87505854,51,59692.45767466435,59717.03452716435,120.0,PUBLIC
1178.01,359496368,FP,2.6652007,819.0,3.49,0,tess2022112184951-s0051-0000000359496368-0223-a_fast,87505855,51,59692.44656337963,59717.034990127315,20.0,PUBLIC
1178.01,359496368,FP,2.6652007,819.0,3.49,0,tess2022138205153-s0052-0000000359496368-0224-s,87652592,52,59718.13455141204,59742.57656603009,120.0,PUBLIC
1178.01,359496368,FP,2.6652007,819.0,3.49,0,tess2022138205153-s0052-0000000359496368-0224-a_fast,87652596,52,59718.13455141204,59742.57702899306,20.0,PUBLIC
1178.01,359496368,FP,2.6652007,819.0,3.49,0,tess2022164095748-s0053-0000000359496368-0226-a_fast,87759558,53,59743.49602076389,59768.47999186342,20.0,PUBLIC
1178.01,359496368,FP,2.6652007,819.0,3.49,0,tess2022164095748-s0053-0000000359496368-0226-s,87759564,53,59743.49602076389,59768.47952890046,120.0,PUBLIC
1178.01,359496368,FP,2.6652007,819.0,3.49,0,tess2022190063128-s0054-0000000359496368-0227-s,91561131,54,59769.39896994213,59795.62947753472,120.0,PUBLIC
1178.01,359496368,FP,2.6652007,819.0,3.49,0,tess2022190063128-s0054-0000000359496368-0227-a_fast,91561135,54,59769.39896994213,59795.62947753472,20.0,PUBLIC
1178.01,359496368,FP,2.6652007,819.0,3.49,0,tess2022217014003-s0055-0000000359496368-0242-a_fast,93790300,55,59796.60030258102,59823.764593935186,20.0,PUBLIC
1178.01,359496368,FP,2.6652007,819.0,3.49,0,tess2022217014003-s0055-0000000359496368-0242-s,93790309,55,59796.60030258102,59823.763899502315,120.0,PUBLIC
1178.01,359496368,FP,2.6652007,819.0,3.49,0,tess2019199201929-s0014-s0055-0000000359496368,96868270,55,58682.84807962963,59823.76389949074,120.0,PUBLIC
1178.01,359496368,FP,2.6652007,819.0,3.49,0,tess2019226182529-s0015-0000000359496368-0151-s,27486082,15,58710.864599120374,58736.91007965278,120.0,PUBLIC
1178.01,359496368,FP,2.6652007,819.0,3.49,0,tess2019306063752-s0018-0000000359496368-0162-s,27598190,18,58790.15484284722,58814.512717164354,120.0,PUBLIC
1178.01,359496368,FP,2.6652007,819.0,3.49,0,tess2019199201929-s0014-s0019-0000000359496368,27739870,19,58682.84807962963,58840.64709881944,120.0,PUBLIC
1178.01,359496368,FP,2.6652007,819.0,3.49,0,tess2019331140908-s0019-0000000359496368-0164-s,27708855,19,58815.58214579861,58840.641543287034,120.0,PUBLIC
1178.01,359496368,FP,2.6652007,819.0,3.49,0,tess2019357164649-s0020-0000000359496368-0165-s,27246060,20,58842.00125556713,58868.32059537037,120.0,PUBLIC
1178.01,359496368,FP,2.6652007,819.0,3.49,0,tess2020020091053-s0021-0000000359496368-0167-s,27270005,21,58869.93170907407,58897.27910196759,120.0,PUBLIC
1178.01,359496368,FP,2.6652007,819.0,3.49,0,tess2020049080258-s0022-0000000359496368-0174-s,27313361,22,58898.81661934028,58925.99202010417,120.0,PUBLIC
5915.01,329709756,FP,12.5482879,49260.0,3.396,0,tess2024030031500-s0075-0000000329709756-0270-s,212754904,75,60339.28123969908,60366.97936957176,120.0,PUBLIC
5915.01,329709756,FP,12.5482879,49260.0,3.396,0,tess2024223182411-s0082-0000000329709756-0278-s,232647269,82,60532.89403737269,60558.74843832176,120.0,PUBLIC
5915.01,329709756,FP,12.5482879,49260.0,3.396,0,tess2024249191853-s0083-0000000329709756-0280-s,233052980,83,60558.92899353009,60583.87730496528,120.0,PUBLIC
5915.01,329709756,FP,12.5482879,49260.0,3.396,0,tess2019199201929-s0014-s0086-0000000329709756,262994481,86,60339.275684305554,60583.87174952546,120.0,PUBLIC
5098.01,14770122,KP,3.5438732,10892.9403038,4.2332052,1,tess2021284114741-s0044-0000000014770122-0215-s,68720624,44,59499.693420891206,59523.94161376158,120.0,PUBLIC
5098.01,14770122,KP,3.5438732,10892.9403038,4.2332052,1,tess2021310001228-s0045-0000000014770122-0216-s,71231998,45,59525.22923820602,59550.12847537037,120.0,PUBLIC
5098.01,14770122,KP,3.5438732,10892.9403038,4.2332052,1,tess2021336043614-s0046-0000000014770122-0217-s,71484001,46,59551.507710081016,59578.206150694445,120.0,PUBLIC
5098.01,14770122,KP,3.5438732,10892.9403038,4.2332052,1,tess2021233042500-s0042-s0046-0000000014770122,71744616,46,59499.68091962963,59578.206150694445,120.0,PUBLIC
5098.01,14770122,KP,3.5438732,10892.9403038,4.2332052,1,tess2023289093419-s0071-0000000014770122-0266-s,197686258,71,60233.5378353125,60259.45559056713,120.0,PUBLIC
5098.01,14770122,KP,3.5438732,10892.9403038,4.2332052,1,tess2023315124025-s0072-0000000014770122-0267-s,198788681,72,60259.68478280093,60285.08672515046,120.0,PUBLIC
5098.01,14770122,KP,3.5438732,10892.9403038,4.2332052,1,tess2018235142541-s0002-s0072-0000000014770122,208733468,72,59499.68091962963,60285.081169282406,120.0,PUBLIC
1171.01,101929303,FP,11.1876137,4924.0,3.183,0,tess2024003055635-s0074-0000000101929303-0269-s,212264797,74,60312.36002233796,60339.06508792824,120.0,PUBLIC
1171.01,101929303,FP,11.1876137,4924.0,3.183,0,tess2024030031500-s0075-0000000101929303-0270-s,212746898,75,60339.28036418981,60366.97921563657,120.0,PUBLIC
1171.01,101929303,FP,11.1876137,4924.0,3.183,0,tess2024196212429-s0081-0000000101929303-0276-s,229886363,81,60506.05428130787,60532.67947324074,120.0,PUBLIC
1171.01,101929303,FP,11.1876137,4924.0,3.183,0,tess2019199201929-s0014-s0078-0000000101929303,242086817,78,60312.354466944445,60366.97921563657,120.0,PUBLIC
1171.01,101929303,FP,11.1876137,4924.0,3.183,0,tess2019199201929-s0014-s0086-0000000101929303,262988740,86,60312.354466944445,60532.67391770834,120.0,PUBLIC
1983.01,89535068,FP,6.1110945,1098.152672,4.2566318,0,tess2021039152502-s0035-0000000089535068-0205-s,60673048,35,59254.49551006944,59279.48046471065,120.0,PUBLIC
1983.01,89535068,FP,6.1110945,1098.152672,4.2566318,0,tess2021091135823-s0037-0000000089535068-0208-s,61140633,37,59306.75530971065,59332.079823217595,120.0,PUBLIC
1983.01,89535068,FP,6.1110945,1098.152672,4.2566318,0,tess2018206190142-s0001-s0036-0000000089535068,61533387,36,59254.48439877315,59305.49004896991,120.0,PUBLIC
1983.01,89535068,FP,6.1110945,1098.152672,4.2566318,0,tess2021065132309-s0036-0000000089535068-0207-s,60753067,36,59280.404075625,59305.49004896991,120.0,PUBLIC
1983.01,89535068,FP,6.1110945,1098.152672,4.2566318,0,tess2018206190142-s0001-s0039-0000000089535068,62340628,39,59254.48439877315,59332.079823217595,120.0,PUBLIC
1572.01,292321872,FP,8.66698,9854.3,6.104,0,tess2022302161335-s0058-0000000292321872-0247-s,104654349,58,59881.833096180555,59909.552345,120.0,PUBLIC
1572.01,292321872,FP,8.66698,9854.3,6.104,0,tess2019306063752-s0018-0000000292321872-0162-s,27585587,18,58790.16008612268,58814.518152743054,120.0,PUBLIC
3526.01,89876424,FP,1.5378739,8588.6814116,3.449989,0,tess2024003055635-s0074-0000000089876424-0269-s,212264711,74,60312.359933645836,60339.06492107639,120.0,PUBLIC
3526.01,89876424,FP,1.5378739,8588.6814116,3.449989,0,tess2024030031500-s0075-0000000089876424-0270-s,212746726,75,60339.280196875,60366.979005625,120.0,PUBLIC
3526.01,89876424,FP,1.5378739,8588.6814116,3.449989,0,tess2024196212429-s0081-0000000089876424-0276-s,229886141,81,60506.054404664355,60532.67966045139,120.0,PUBLIC
3526.01,89876424,FP,1.5378739,8588.6814116,3.449989,0,tess2024223182411-s0082-0000000089876424-0278-s,232639171,82,60532.89493833333,60558.748676979165,120.0,PUBLIC
3526.01,89876424,FP,1.5378739,8588.6814116,3.449989,0,tess2019199201929-s0014-s0078-0000000089876424,242086760,78,59796.59710519676,60366.979005625,120.0,PUBLIC
3526.01,89876424,FP,1.5378739,8588.6814116,3.449989,0,tess2019199201929-s0014-s0086-0000000089876424,262988640,86,59796.59710519676,60558.74312157407,120.0,PUBLIC
3526.01,89876424,FP,1.5378739,8588.6814116,3.449989,0,tess2022217014003-s0055-0000000089876424-0242-s,93770351,55,59796.602660752316,59823.76623634259,120.0,PUBLIC
6088.01,122375047,KP,9.2866733,713.8494352,3.2593808,1,tess2021175071901-s0040-0000000122375047-0211-s,62349455,40,59390.15472126158,59418.35646884259,120.0,PUBLIC
6088.01,122375047,KP,9.2866733,713.8494352,3.2593808,1,tess2021204101404-s0041-0000000122375047-0212-s,62792814,41,59419.49119037037,59446.081171238424,120.0,PUBLIC
6088.01,122375047,KP,9.2866733,713.8494352,3.2593808,1,tess2024003055635-s0074-0000000122375047-0269-s,212265320,74,60312.36005525463,60339.06543490741,120.0,PUBLIC
6088.01,122375047,KP,9.2866733,713.8494352,3.2593808,1,tess2024196212429-s0081-0000000122375047-0276-s,229887083,81,60506.054116921296,60532.679025300924,120.0,PUBLIC
6088.01,122375047,KP,9.2866733,713.8494352,3.2593808,1,tess2019199201929-s0014-s0078-0000000122375047,242087028,78,59390.149165601855,60339.059879305554,120.0,PUBLIC
6088.01,122375047,KP,9.2866733,713.8494352,3.2593808,1,tess2019199201929-s0014-s0086-0000000122375047,262989066,86,59390.149165601855,60532.677636423614,120.0,PUBLIC
6088.01,122375047,KP,9.2866733,713.8494352,3.2593808,1,tess2022190063128-s0054-0000000122375047-0227-s,91546139,54,59769.400661238426,59795.63126648148,120.0,PUBLIC
6088.01,122375047,KP,9.2866733,713.8494352,3.2593808,1,tess2022217014003-s0055-0000000122375047-0242-s,93771165,55,59796.60209011574,59823.76541013889,120.0,PUBLIC
6088.01,122375047,KP,9.2866733,713.8494352,3.2593808,1,tess2019199201929-s0014-s0055-0000000122375047,96862593,55,59390.14916559028,59823.75985475694,120.0,PUBLIC
3874.01,154105890,PC,5.5822739,7390.0,1.463,1,tess2021364111932-s0047-0000000154105890-0218-s,71655970,47,59579.31189946759,59606.4415056713,120.0,PUBLIC
3874.01,154105890,PC,5.5822739,7390.0,1.463,1,tess2019199201929-s0014-s0050-0000000154105890,87588820,50,59579.29662138889,59663.81597363426,120.0,PUBLIC
3874.01,154105890,PC,5.5822739,7390.0,1.463,1,tess2024003055635-s0074-0000000154105890-0269-a_fast,212266536,74,60312.36440962963,60339.07128369213,20.0,PUBLIC
3874.01,154105890,PC,5.5822739,7390.0,1.463,1,tess2024003055635-s0074-0000000154105890-0269-s,212266542,74,60312.36440962963,60339.07035775463,120.0,PUBLIC
3874.01,154105890,PC,5.5822739,7390.0,1.463,1,tess2024030031500-s0075-0000000154105890-0270-a_fast,212748277,75,60339.28563540509,60366.98442177083,20.0,PUBLIC
3874.01,154105890,PC,5.5822739,7390.0,1.463,1,tess2024030031500-s0075-0000000154105890-0270-s,212748280,75,60339.28563540509,60366.98419028935,120.0,PUBLIC
3874.01,154105890,PC,5.5822739,7390.0,1.463,1,tess2019199201929-s0014-s0078-0000000154105890,242087410,78,59579.29662138889,60366.98419028935,120.0,PUBLIC
3874.01,154105890,PC,5.5822739,7390.0,1.463,1,tess2022027120115-s0048-0000000154105890-0219-s,71758774,48,59607.43456528935,59635.487311655095,120.0,PUBLIC
3874.01,154105890,PC,5.5822739,7390.0,1.463,1,tess2022057073128-s0049-0000000154105890-0221-s,82438417,49,59636.97340152778,59663.81597363426,120.0,PUBLIC
4024.01,470169396,PC,6.3262148,4928.0,5.353,1,tess2019199201929-s0014-s0060-0000000470169396,117288220,60,59718.12622207176,59936.18554802083,120.0,PUBLIC
4024.01,470169396,PC,6.3262148,4928.0,5.353,1,tess2023341045131-s0073-0000000470169396-0268-s,206192652,73,60285.299511296296,60312.15041165509,120.0,PUBLIC
4024.01,470169396,PC,6.3262148,4928.0,5.353,1,tess2024142205832-s0079-0000000470169396-0274-s,222894781,79,60452.03514334491,60479.17147934028,120.0,PUBLIC
4024.01,470169396,PC,6.3262148,4928.0,5.353,1,tess2024300212641-s0085-0000000470169396-0282-s,233664093,85,60610.05573428241,60635.54619209491,120.0,PUBLIC
4024.01,470169396,PC,6.3262148,4928.0,5.353,1,tess2019199201929-s0014-s0078-0000000470169396,242092271,78,59718.12622207176,60451.814310208334,120.0,PUBLIC
4024.01,470169396,PC,6.3262148,4928.0,5.353,1,tess2024114025118-s0078-0000000470169396-0273-s,220270447,78,60433.768572939814,60451.81986574074,120.0,PUBLIC
4024.01,470169396,PC,6.3262148,4928.0,5.353,1,tess2024326142117-s0086-0000000470169396-0283-s,236666397,86,60635.7614697338,60662.32788725694,120.0,PUBLIC
4024.01,470169396,PC,6.3262148,4928.0,5.353,1,tess2019199201929-s0014-s0086-0000000470169396,262997369,86,59718.12622207176,60662.325109537036,120.0,PUBLIC
4024.01,470169396,PC,6.3262148,4928.0,5.353,1,tess2022138205153-s0052-0000000470169396-0224-s,87656907,52,59718.13177759259,59742.573580289354,120.0,PUBLIC
4024.01,470169396,PC,6.3262148,4928.0,5.353,1,tess2022302161335-s0058-0000000470169396-0247-s,104660155,58,59881.830174490744,59909.549755810185,120.0,PUBLIC
4024.01,470169396,PC,6.3262148,4928.0,5.353,1,tess2022330142927-s0059-0000000470169396-0248-s,113399530,59,59909.76503293982,59936.18832572917,120.0,PUBLIC
701.01,219239945,FP,13.697384,1061.94658,4.783848,0,tess2020266004630-s0030-0000000219239945-0195-s,27983395,30,59115.3856473,59142.7233923,120.0,PUBLIC
701.01,219239945,FP,13.697384,1061.94658,4.783848,0,tess2020294194027-s0031-0000000219239945-0198-s,28068665,31,59144.0150655,59169.44549128,120.0,PUBLIC
701.01,219239945,FP,13.697384,1061.94658,4.783848,0,tess2020324010417-s0032-0000000219239945-0200-s,28136455,32,59173.71905142,59199.73103709,120.0,PUBLIC
701.01,219239945,FP,13.697384,1061.94658,4.783848,0,tess2018263035959-s0003-0000000219239945-0123-s,60908972,3,58381.534525104165,58408.88482008102,120.0,PUBLIC
701.01,219239945,FP,13.697384,1061.94658,4.783848,0,tess2018292075959-s0004-0000000219239945-0124-s,61101983,4,58410.40149148148,58436.33751094907,120.0,PUBLIC
701.01,219239945,FP,13.697384,1061.94658,4.783848,0,tess2018206190142-s0001-s0036-0000000219239945,61535717,36,58381.198408634256,59199.73242594907,120.0,PUBLIC
701.01,219239945,FP,13.697384,1061.94658,4.783848,0,tess2018319095959-s0005-0000000219239945-0125-s,61554529,5,58437.49027513889,58463.771771782405,120.0,PUBLIC
701.01,219239945,FP,13.697384,1061.94658,4.783848,0,tess2018206190142-s0001-s0006-0000000219239945,62470108,6,58381.198435590275,58463.78847849537,120.0,PUBLIC
701.01,219239945,FP,13.697384,1061.94658,4.783848,0,tess2025258001959-s0097-0000000219239945-0294-s,365502594,97,60933.174474976855,60987.78593174768,120.0,PUBLIC
2618.01,231076038,FP,8.2500143,2250.0,3.317,0,tess2023096110322-s0064-0000000231076038-0257-s,139094017,64,60040.612209872685,60067.53054807871,120.0,PUBLIC
2618.01,231076038,FP,8.2500143,2250.0,3.317,0,tess2018206190142-s0001-s0065-0000000231076038,160346542,65,59962.29148523148,60067.527770266206,120.0,PUBLIC
2618.01,231076038,FP,8.2500143,2250.0,3.317,0,tess2023181235917-s0067-0000000231076038-0261-s,171666307,67,60126.141074259256,60153.89552668981,120.0,PUBLIC
2618.01,231076038,FP,8.2500143,2250.0,3.317,0,tess2023153011303-s0066-0000000231076038-0260-s,173754244,66,60097.17262340278,60125.92718162037,120.0,PUBLIC
2618.01,231076038,FP,8.2500143,2250.0,3.317,0,tess2023209231226-s0068-0000000231076038-0262-s,176753077,68,60154.1177515625,60181.62760576389,120.0,PUBLIC
2618.01,231076038,FP,8.2500143,2250.0,3.317,0,tess2023237165326-s0069-0000000231076038-0264-s,182741366,69,60181.862329641204,60207.638670243054,120.0,PUBLIC
2618.01,231076038,FP,8.2500143,2250.0,3.317,0,tess2018206190142-s0001-s0069-0000000231076038,198773831,69,59962.29148523148,60207.63311469907,120.0,PUBLIC
2618.01,231076038,FP,8.2500143,2250.0,3.317,0,tess2024353092137-s0087-0000000231076038-0284-s,238534641,87,60662.539704027775,60689.43656407407,120.0,PUBLIC
2618.01,231076038,FP,8.2500143,2250.0,3.317,0,tess2025014115807-s0088-0000000231076038-0285-s,245365696,88,60689.65045056713,60717.42243928241,120.0,PUBLIC
2618.01,231076038,FP,8.2500143,2250.0,3.317,0,tess2025042113628-s0089-0000000231076038-0286-s,252313343,89,60717.63632684028,60746.44323064815,120.0,PUBLIC
2618.01,231076038,FP,8.2500143,2250.0,3.317,0,tess2025071122000-s0090-0000000231076038-0287-s,262861939,90,60746.65712038195,60774.57533659722,120.0,PUBLIC
2618.01,231076038,FP,8.2500143,2250.0,3.317,0,tess2023018032328-s0061-0000000231076038-0250-s,117954664,61,59962.29704075232,59987.716281203706,120.0,PUBLIC
2618.01,231076038,FP,8.2500143,2250.0,3.317,0,tess2023043185947-s0062-0000000231076038-0254-s,124156112,62,59987.938503425925,60013.65096144676,120.0,PUBLIC
2618.01,231076038,FP,8.2500143,2250.0,3.317,0,tess2023069172124-s0063-0000000231076038-0255-s,127092512,63,60013.86624060185,60040.39831834491,120.0,PUBLIC
2618.01,231076038,FP,8.2500143,2250.0,3.317,0,tess2025154050500-s0093-0000000231076038-0290-s,300580632,93,60829.37046733796,60855.54860311343,120.0,PUBLIC
2618.01,231076038,FP,8.2500143,2250.0,3.317,0,tess2025180145000-s0094-0000000231076038-0291-s,302118220,94,60855.76388320602,60881.61832592593,120.0,PUBLIC
2618.01,231076038,FP,8.2500143,2250.0,3.317,0,tess2025206162959-s0095-0000000231076038-0292-s,337211888,95,60881.848883252314,60907.04208261574,120.0,PUBLIC
2618.01,231076038,FP,8.2500143,2250.0,3.317,0,tess2025258001959-s0097-0000000231076038-0294-s,365503044,97,60933.160124456015,60987.78459292824,120.0,PUBLIC
2618.01,231076038,FP,8.2500143,2250.0,3.317,0,tess2025312202959-s0098-0000000231076038-0298-s,378114726,98,60987.99986732639,61045.397622592594,120.0,PUBLIC
2618.01,231076038,FP,8.2500143,2250.0,3.317,0,tess2025232030459-s0096-0000000231076038-0293-s,354015769,96,60907.27402738426,60932.933737025465,120.0,PUBLIC
2618.01,231076038,FP,8.2500143,2250.0,3.317,0,tess2018206190142-s0001-s0096-0000000231076038,403509967,96,59962.29148523148,60932.93929253472,120.0,PUBLIC
4481.01,239332587,CP,0.9263237,952.0,0.81,1,tess2021204101404-s0041-0000000239332587-0212-s,62801799,41,59419.490676458336,59446.08141584491,120.0,PUBLIC
4481.01,239332587,CP,0.9263237,952.0,0.81,1,tess2019199201929-s0014-s0060-0000000239332587,117284223,60,59419.48512075232,59852.63774841435,120.0,PUBLIC
4481.01,239332587,CP,0.9263237,952.0,0.81,1,tess2024030031500-s0075-0000000239332587-0270-s,212752217,75,60339.28096686343,60366.97925153935,120.0,PUBLIC
4481.01,239332587,CP,0.9263237,952.0,0.81,1,tess2024030031500-s0075-0000000239332587-0270-a_fast,212752220,75,60339.28096686343,60366.979483020834,20.0,PUBLIC
4481.01,239332587,CP,0.9263237,952.0,0.81,1,tess2024058030222-s0076-0000000239332587-0271-a_fast,214431066,76,60367.194529733795,60394.274961469906,20.0,PUBLIC
4481.01,239332587,CP,0.9263237,952.0,0.81,1,tess2024058030222-s0076-0000000239332587-0271-s,214431070,76,60367.194529733795,60394.27403552083,120.0,PUBLIC
4481.01,239332587,CP,0.9263237,952.0,0.81,1,tess2024223182411-s0082-0000000239332587-0278-s,232643671,82,60532.89427751157,60558.74852502315,120.0,PUBLIC
4481.01,239332587,CP,0.9263237,952.0,0.81,1,tess2024223182411-s0082-0000000239332587-0278-a_fast,232643673,82,60532.89427751157,60558.74921945602,20.0,PUBLIC
4481.01,239332587,CP,0.9263237,952.0,0.81,1,tess2024249191853-s0083-0000000239332587-0280-a_fast,233049739,83,60558.92907914352,60583.87722662037,20.0,PUBLIC
4481.01,239332587,CP,0.9263237,952.0,0.81,1,tess2024249191853-s0083-0000000239332587-0280-s,233049743,83,60558.92907914352,60583.87722662037,120.0,PUBLIC
4481.01,239332587,CP,0.9263237,952.0,0.81,1,tess2019199201929-s0014-s0078-0000000239332587,242089131,78,59419.48512075232,60394.27125767361,120.0,PUBLIC
4481.01,239332587,CP,0.9263237,952.0,0.81,1,tess2019199201929-s0014-s0086-0000000239332587,262992364,86,59419.48512075232,60583.87444890046,120.0,PUBLIC
4481.01,239332587,CP,0.9263237,952.0,0.81,1,tess2022217014003-s0055-0000000239332587-0242-s,93781002,55,59796.60190581019,59823.76599774305,120.0,PUBLIC
4481.01,239332587,CP,0.9263237,952.0,0.81,1,tess2019199201929-s0014-s0055-0000000239332587,96866541,55,59419.48512075232,59823.76321996528,120.0,PUBLIC
4481.01,239332587,CP,0.9263237,952.0,0.81,1,tess2022244194134-s0056-0000000239332587-0243-a_fast,97937105,56,59824.75904866898,59852.64122055555,20.0,PUBLIC
4481.01,239332587,CP,0.9263237,952.0,0.81,1,tess2022244194134-s0056-0000000239332587-0243-s,97937122,56,59824.75904866898,59852.64052612268,120.0,PUBLIC
6384.01,16550540,PC,2.4810218,24673.0,1.541,1,tess2023341045131-s0073-0000000016550540-0268-s,206171447,73,60285.30240435185,60312.15429087963,120.0,PUBLIC
5849.01,71459120,PC,3.9964264,12340.0,1.722,1,tess2024196212429-s0081-0000000071459120-0276-s,229885897,81,60506.05682159722,60532.68170502315,120.0,PUBLIC
5849.01,71459120,PC,3.9964264,12340.0,1.722,1,tess2025127075000-s0092-0000000071459120-0289-s,279600677,92,60802.485683611114,60829.144926354165,120.0,PUBLIC
5849.01,71459120,PC,3.9964264,12340.0,1.722,1,tess2018206190142-s0001-s0092-0000000071459120,314941188,92,60506.051265925926,60829.13937037037,120.0,PUBLIC
2635.01,358557578,PC,7.4547813,2508.5862836,7.1681685,1,tess2021065132309-s0036-0000000358557578-0207-s,60756629,36,59280.40583737269,59305.491854976855,120.0,PUBLIC
2635.01,358557578,PC,7.4547813,2508.5862836,7.1681685,1,tess2018206190142-s0001-s0065-0000000358557578,160356527,65,59280.40028178241,60040.39977108796,120.0,PUBLIC
2635.01,358557578,PC,7.4547813,2508.5862836,7.1681685,1,tess2025042113628-s0089-0000000358557578-0286-s,252318510,89,60717.64027435185,60746.44779466435,120.0,PUBLIC
2635.01,358557578,PC,7.4547813,2508.5862836,7.1681685,1,tess2025071122000-s0090-0000000358557578-0287-s,262866332,90,60746.661684652776,60774.5794287963,120.0,PUBLIC
2635.01,358557578,PC,7.4547813,2508.5862836,7.1681685,1,tess2023043185947-s0062-0000000358557578-0254-s,124165539,62,59987.94249896991,60013.65553494213,120.0,PUBLIC
2635.01,358557578,PC,7.4547813,2508.5862836,7.1681685,1,tess2023069172124-s0063-0000000358557578-0255-s,127096833,63,60013.870813622685,60040.40254879629,120.0,PUBLIC
2635.01,358557578,PC,7.4547813,2508.5862836,7.1681685,1,tess2026005125623-s0099-0000000358557578-0300-s,378418391,99,61045.61463386574,61073.27999300926,120.0,PUBLIC
2635.01,358557578,PC,7.4547813,2508.5862836,7.1681685,1,tess2018206190142-s0001-s0096-0000000358557578,403553306,96,59280.40028178241,60774.57387337963,120.0,PUBLIC
5456.01,87044036,FP,1.0711292,2030.0,2.213,0,tess2023289093419-s0071-0000000087044036-0266-s,197691429,71,60233.553155208334,60259.42762199074,120.0,PUBLIC
5456.01,87044036,FP,1.0711292,2030.0,2.213,0,tess2018235142541-s0002-s0072-0000000087044036,208734762,72,60233.529541979166,60285.08188868056,120.0,PUBLIC
5456.01,87044036,FP,1.0711292,2030.0,2.213,0,tess2023315124025-s0072-0000000087044036-0267-s,198791935,72,60260.50963811343,60285.0874444213,120.0,PUBLIC
4143.01,371711170,FP,9.8482192,1670.0,4.24,0,tess2022164095748-s0053-0000000371711170-0226-s,87760013,53,59743.49190405093,59768.475442905095,120.0,PUBLIC
1716.01,14336130,CP,8.082354,559.0,3.284,1,tess2021364111932-s0047-0000000014336130-0218-s,71651377,47,59579.32065072917,59606.44373446759,120.0,PUBLIC
1716.01,14336130,CP,8.082354,559.0,3.284,1,tess2019199201929-s0014-s0050-0000000014336130,87587922,50,58842.00151607639,59606.44373446759,120.0,PUBLIC
1716.01,14336130,CP,8.082354,559.0,3.284,1,tess2023341045131-s0073-0000000014336130-0268-a_fast,206171334,73,60285.301804282404,60312.15385054398,20.0,PUBLIC
1716.01,14336130,CP,8.082354,559.0,3.284,1,tess2023341045131-s0073-0000000014336130-0268-s,206171342,73,60285.301804282404,60312.1536190625,120.0,PUBLIC
1716.01,14336130,CP,8.082354,559.0,3.284,1,tess2019199201929-s0014-s0078-0000000014336130,242086183,78,58842.00151607639,60312.1536190625,120.0,PUBLIC
1716.01,14336130,CP,8.082354,559.0,3.284,1,tess2022357055054-s0060-0000000014336130-0249-s,114305480,60,59936.40653530093,59962.0869146875,120.0,PUBLIC
1716.01,14336130,CP,8.082354,559.0,3.284,1,tess2022357055054-s0060-0000000014336130-0249-a_fast,114305485,60,59936.40653530093,59962.0876091088,20.0,PUBLIC
1716.01,14336130,CP,8.082354,559.0,3.284,1,tess2019199201929-s0014-s0060-0000000014336130,117281144,60,58842.00151607639,59962.08413700231,120.0,PUBLIC
1716.01,14336130,CP,8.082354,559.0,3.284,1,tess2019357164649-s0020-0000000014336130-0165-s,27230155,20,58842.007071712964,58868.32627172454,120.0,PUBLIC
5268.01,202468443,FP,2.0685871,38060.0,0.598,0,tess2024030031500-s0075-0000000202468443-0270-a_fast,212750288,75,60339.28488965278,60366.984139409724,20.0,PUBLIC
5268.01,202468443,FP,2.0685871,38060.0,0.598,0,tess2024030031500-s0075-0000000202468443-0270-s,212750293,75,60339.28488965278,60366.98390792824,120.0,PUBLIC
5268.01,202468443,FP,2.0685871,38060.0,0.598,0,tess2024058030222-s0076-0000000202468443-0271-a_fast,214429132,76,60367.19918715278,60394.279306585646,20.0,PUBLIC
5268.01,202468443,FP,2.0685871,38060.0,0.598,0,tess2024058030222-s0076-0000000202468443-0271-s,214429136,76,60367.19918715278,60394.2783806713,120.0,PUBLIC
5268.01,202468443,FP,2.0685871,38060.0,0.598,0,tess2024085201119-s0077-0000000202468443-0272-s,216499934,77,60394.986709363424,60423.04977614583,120.0,PUBLIC
5268.01,202468443,FP,2.0685871,38060.0,0.598,0,tess2024085201119-s0077-0000000202468443-0272-a_fast,216499939,77,60394.986709363424,60423.05070206019,20.0,PUBLIC
5268.01,202468443,FP,2.0685871,38060.0,0.598,0,tess2019199201929-s0014-s0078-0000000202468443,242088180,78,60339.27933400463,60423.04422070602,120.0,PUBLIC
1704.01,95129101,FP,3.929983,2270.0,2.153,0,tess2021284114741-s0044-0000000095129101-0215-s,68726456,44,59499.69487363426,59523.9416628125,120.0,PUBLIC
1704.01,95129101,FP,3.929983,2270.0,2.153,0,tess2021310001228-s0045-0000000095129101-0216-s,71237153,45,59525.22789645833,59550.12849829861,120.0,PUBLIC
1704.01,95129101,FP,3.929983,2270.0,2.153,0,tess2021364111932-s0047-0000000095129101-0218-s,71653369,47,59579.32144165509,59606.44498717593,120.0,PUBLIC
1704.01,95129101,FP,3.929983,2270.0,2.153,0,tess2021233042500-s0042-s0046-0000000095129101,71745476,46,59499.68098336805,59578.20614096065,120.0,PUBLIC
1704.01,95129101,FP,3.929983,2270.0,2.153,0,tess2021336043614-s0046-0000000095129101-0217-s,71487963,46,59551.506342141205,59578.20614096065,120.0,PUBLIC
1704.01,95129101,FP,3.929983,2270.0,2.153,0,tess2019199201929-s0014-s0050-0000000095129101,87588314,50,59499.68098336805,59606.44498717593,120.0,PUBLIC
1704.01,95129101,FP,3.929983,2270.0,2.153,0,tess2023289093419-s0071-0000000095129101-0266-s,197691759,71,60233.537897581016,60259.45563503472,120.0,PUBLIC
1704.01,95129101,FP,3.929983,2270.0,2.153,0,tess2023315124025-s0072-0000000095129101-0267-s,198792197,72,60259.68482692129,60285.08674342593,120.0,PUBLIC
1704.01,95129101,FP,3.929983,2270.0,2.153,0,tess2018235142541-s0002-s0072-0000000095129101,208734888,72,59499.680983356484,60285.08118756944,120.0,PUBLIC
3054.01,267712001,PC,2.8281656,22180.0,3.15,1,tess2023096110322-s0064-0000000267712001-0257-s,139095792,64,60040.61656931713,60067.53458315972,120.0,PUBLIC
3054.01,267712001,PC,2.8281656,22180.0,3.15,1,tess2026005125623-s0099-0000000267712001-0300-s,378415827,99,61045.61261137731,61073.27824769676,120.0,PUBLIC
3054.01,267712001,PC,2.8281656,22180.0,3.15,1,tess2026033082000-s0100-0000000267712001-0302-s,381179466,100,61073.49353908565,61099.96722449074,120.0,PUBLIC
3931.01,421336001,PC,7.6644,8534.5638357,4.1888923,1,tess2021364111932-s0047-0000000421336001-0218-s,71668864,47,59579.31528884259,59606.43839623842,120.0,PUBLIC
3931.01,421336001,PC,7.6644,8534.5638357,4.1888923,1,tess2024003055635-s0074-0000000421336001-0269-s,212273816,74,60312.36212344907,60339.067198703706,120.0,PUBLIC
3931.01,421336001,PC,7.6644,8534.5638357,4.1888923,1,tess2024030031500-s0075-0000000421336001-0270-s,212756460,75,60339.2824727662,60366.98084657407,120.0,PUBLIC
3931.01,421336001,PC,7.6644,8534.5638357,4.1888923,1,tess2024058030222-s0076-0000000421336001-0271-s,214435075,76,60367.19612363426,60394.27536196759,120.0,PUBLIC
3931.01,421336001,PC,7.6644,8534.5638357,4.1888923,1,tess2024085201119-s0077-0000000421336001-0272-s,216506051,77,60394.9837012037,60423.04750601852,120.0,PUBLIC
3931.01,421336001,PC,7.6644,8534.5638357,4.1888923,1,tess2024196212429-s0081-0000000421336001-0276-s,229896929,81,60506.052031782405,60532.677390324076,120.0,PUBLIC
3931.01,421336001,PC,7.6644,8534.5638357,4.1888923,1,tess2024223182411-s0082-0000000421336001-0278-s,232649675,82,60532.892670092595,60558.74694208334,120.0,PUBLIC
3931.01,421336001,PC,7.6644,8534.5638357,4.1888923,1,tess2024249191853-s0083-0000000421336001-0280-s,233056678,83,60558.92749765046,60583.87595826389,120.0,PUBLIC
3931.01,421336001,PC,7.6644,8534.5638357,4.1888923,1,tess2024274222008-s0084-0000000421336001-0281-s,233399079,84,60584.08984528935,60609.840840613426,120.0,PUBLIC
3931.01,421336001,PC,7.6644,8534.5638357,4.1888923,1,tess2024300212641-s0085-0000000421336001-0282-s,233662811,85,60610.054730752316,60635.5444500463,120.0,PUBLIC
3931.01,421336001,PC,7.6644,8534.5638357,4.1888923,1,tess2019199201929-s0014-s0078-0000000421336001,242091817,78,59579.29445603009,60423.04472819444,120.0,PUBLIC
3931.01,421336001,PC,7.6644,8534.5638357,4.1888923,1,tess2019199201929-s0014-s0086-0000000421336001,262996608,86,59579.29445603009,60635.538894618054,120.0,PUBLIC
3931.01,421336001,PC,7.6644,8534.5638357,4.1888923,1,tess2022085151738-s0050-0000000421336001-0222-s,83250028,50,59664.76876275463,59691.00799197917,120.0,PUBLIC
3931.01,421336001,PC,7.6644,8534.5638357,4.1888923,1,tess2019199201929-s0014-s0050-0000000421336001,87591847,50,59579.29445603009,59691.00799197917,120.0,PUBLIC
3931.01,421336001,PC,7.6644,8534.5638357,4.1888923,1,tess2022190063128-s0054-0000000421336001-0227-s,91564103,54,59769.398544375,59795.629503923614,120.0,PUBLIC
3931.01,421336001,PC,7.6644,8534.5638357,4.1888923,1,tess2022217014003-s0055-0000000421336001-0242-s,93794063,55,59796.600341226855,59823.76439585648,120.0,PUBLIC
3931.01,421336001,PC,7.6644,8534.5638357,4.1888923,1,tess2019199201929-s0014-s0055-0000000421336001,96869088,55,59579.29445603009,59823.7616180787,120.0,PUBLIC
3931.01,421336001,PC,7.6644,8534.5638357,4.1888923,1,tess2022244194134-s0056-0000000421336001-0243-s,97942951,56,59824.757450509256,59852.63925233796,120.0,PUBLIC
3931.01,421336001,PC,7.6644,8534.5638357,4.1888923,1,tess2022273165103-s0057-0000000421336001-0245-s,101308380,57,59852.854528055555,59881.61519335648,120.0,PUBLIC
3931.01,421336001,PC,7.6644,8534.5638357,4.1888923,1,tess2022302161335-s0058-0000000421336001-0247-s,104658768,58,59881.82908321759,59909.54790510417,120.0,PUBLIC
3931.01,421336001,PC,7.6644,8534.5638357,4.1888923,1,tess2022357055054-s0060-0000000421336001-0249-s,114206120,60,59936.40142263889,59962.08144269676,120.0,PUBLIC
3931.01,421336001,PC,7.6644,8534.5638357,4.1888923,1,tess2019199201929-s0014-s0060-0000000421336001,117287542,60,59579.29445603009,59962.07866497685,120.0,PUBLIC
1592.01,186599508,FP,5.6318074,1186.1481873,3.4553092,0,tess2019306063752-s0018-0000000186599508-0162-s,27586481,18,58790.16035579861,58814.51453875,120.0,PUBLIC
4104.01,235664497,PC,2.3757662,7500.0,3.323,1,tess2024170053053-s0080-0000000235664497-0275-s,229370906,80,60479.39147608796,60505.840075486114,120.0,PUBLIC
4104.01,235664497,PC,2.3757662,7500.0,3.323,1,tess2019199201929-s0014-s0086-0000000235664497,262992046,86,59743.493512824076,60505.83451998843,120.0,PUBLIC
4104.01,235664497,PC,2.3757662,7500.0,3.323,1,tess2022164095748-s0053-0000000235664497-0226-s,87753500,53,59743.499068495374,59768.482574305555,120.0,PUBLIC
5847.01,95574586,PC,2.5641981,2840.0,4.469,1,tess2024196212429-s0081-0000000095574586-0276-s,229886275,81,60506.05646934028,60532.68115709491,120.0,PUBLIC
5942.01,166190643,FP,1.6540508,4520.6341805,2.9408152,0,tess2024030031500-s0075-0000000166190643-0270-s,212749384,75,60339.28044773148,60366.978611122686,120.0,PUBLIC
5942.01,166190643,FP,1.6540508,4520.6341805,2.9408152,0,tess2024058030222-s0076-0000000166190643-0271-s,214428238,76,60367.19388907407,60394.27341787037,120.0,PUBLIC
5942.01,166190643,FP,1.6540508,4520.6341805,2.9408152,0,tess2024223182411-s0082-0000000166190643-0278-s,232641039,82,60532.89486758102,60558.74918572917,120.0,PUBLIC
5942.01,166190643,FP,1.6540508,4520.6341805,2.9408152,0,tess2024249191853-s0083-0000000166190643-0280-s,233045733,83,60558.92974047454,60583.87783732639,120.0,PUBLIC
5942.01,166190643,FP,1.6540508,4520.6341805,2.9408152,0,tess2019199201929-s0014-s0078-0000000166190643,242087780,78,60339.27489233796,60394.26786216435,120.0,PUBLIC
5942.01,166190643,FP,1.6540508,4520.6341805,2.9408152,0,tess2019199201929-s0014-s0086-0000000166190643,262989909,86,60339.27489233796,60583.87228195602,120.0,PUBLIC
467.01,20178111,FP,1.734422,1230.0,2.32,0,tess2020324010417-s0032-0000000020178111-0200-s,28151369,32,59173.72936796,59199.72553044,120.0,PUBLIC
467.01,20178111,FP,1.734422,1230.0,2.32,0,tess2020351194500-s0033-0000000020178111-0203-s,28225239,33,59201.23387028,59227.0739386,120.0,PUBLIC
467.01,20178111,FP,1.734422,1230.0,2.32,0,tess2018349182500-s0006-0000000020178111-0126-s,62244565,6,58467.77168829861,58489.54659106481,120.0,PUBLIC
467.01,20178111,FP,1.734422,1230.0,2.32,0,tess2018206190142-s0001-s0036-0000000020178111,61533689,36,58467.77168829861,59227.07393859954,120.0,PUBLIC
4657.01,434110695,PC,8.115667,1807.4400226,0.9600196,1,tess2023237165326-s0069-0000000434110695-0264-s,182752680,69,60181.858527592594,60207.64339136574,120.0,PUBLIC
4657.01,434110695,PC,8.115667,1807.4400226,0.9600196,1,tess2023263165758-s0070-0000000434110695-0265-s,191175387,70,60207.87255638889,60233.31469292824,120.0,PUBLIC
4657.01,434110695,PC,8.115667,1807.4400226,0.9600196,1,tess2018235142541-s0002-s0072-0000000434110695,208738162,72,60181.85297186342,60233.317470567126,120.0,PUBLIC
4657.01,434110695,PC,8.115667,1807.4400226,0.9600196,1,tess2025232030459-s0096-0000000434110695-0293-s,354030052,96,60907.27843748843,60932.93574056713,120.0,PUBLIC
4657.01,434110695,PC,8.115667,1807.4400226,0.9600196,1,tess2018206190142-s0001-s0096-0000000434110695,403572195,96,60181.85297186342,60932.944073796294,120.0,PUBLIC
4948.01,160476088,FP,0.4722347,3610.0,1.074,0,tess2023124020739-s0065-0000000160476088-0259-s,151525671,65,60068.242981261574,60096.1305275,120.0,PUBLIC
4948.01,160476088,FP,0.4722347,3610.0,1.074,0,tess2026086090000-s0102-0000000160476088-0304-a_fast,395665075,102,61126.52356350695,61151.30781341435,20.0,PUBLIC
4948.01,160476088,FP,0.4722347,3610.0,1.074,0,tess2026086090000-s0102-0000000160476088-0304-s,395665079,102,61126.5249525,61151.211050335645,120.0,PUBLIC
4948.01,160476088,FP,0.4722347,3610.0,1.074,0,tess2026111101500-s0103-0000000160476088-0305-a_fast,417372022,103,61151.92033944444,61177.27643596065,20.0,PUBLIC
4948.01,160476088,FP,0.4722347,3610.0,1.074,0,tess2026111101500-s0103-0000000160476088-0305-s,417372030,103,61151.930525069445,61177.274121145834,120.0,PUBLIC
673.01,151959065,FP,10.5426254,16789.8076116,6.2145259,0,tess2018206190142-s0001-s0036-0000000151959065,61532991,36,58542.71902373843,59305.49286841435,120.0,PUBLIC
673.01,151959065,FP,10.5426254,16789.8076116,6.2145259,0,tess2021065132309-s0036-0000000151959065-0207-s,60752850,36,59280.40646900463,59305.49286841435,120.0,PUBLIC
673.01,151959065,FP,10.5426254,16789.8076116,6.2145259,0,tess2019058134432-s0009-0000000151959065-0139-s,62897958,9,58543.099592199076,58567.979279328705,120.0,PUBLIC
673.01,151959065,FP,10.5426254,16789.8076116,6.2145259,0,tess2019085135100-s0010-0000000151959065-0140-s,64306316,10,58568.94038699074,58595.18444416667,120.0,PUBLIC
673.01,151959065,FP,10.5426254,16789.8076116,6.2145259,0,tess2018206190142-s0001-s0013-0000000151959065,65485746,13,58542.719046516206,58595.1844671875,120.0,PUBLIC
673.01,151959065,FP,10.5426254,16789.8076116,6.2145259,0,tess2018206190142-s0001-s0065-0000000151959065,160343171,65,58542.71902373843,60040.399451655096,120.0,PUBLIC
673.01,151959065,FP,10.5426254,16789.8076116,6.2145259,0,tess2023069172124-s0063-0000000151959065-0255-s,127090422,63,60013.871505393516,60040.40361826389,120.0,PUBLIC
673.01,151959065,FP,10.5426254,16789.8076116,6.2145259,0,tess2026005125623-s0099-0000000151959065-0300-s,378413645,99,61045.61402804398,61073.27994344907,120.0,PUBLIC
1623.01,407394748,FP,0.7522775,1301.0,1.073,0,tess2019199201929-s0014-s0060-0000000407394748,117287256,60,59718.12567965278,59936.18608126157,120.0,PUBLIC
1623.01,407394748,FP,0.7522775,1301.0,1.073,0,tess2023341045131-s0073-0000000407394748-0268-s,206189337,73,60285.30006278935,60312.150906030096,120.0,PUBLIC
1623.01,407394748,FP,0.7522775,1301.0,1.073,0,tess2024142205832-s0079-0000000407394748-0274-s,222889612,79,60452.034588078706,60479.170914027774,120.0,PUBLIC
1623.01,407394748,FP,0.7522775,1301.0,1.073,0,tess2019199201929-s0014-s0078-0000000407394748,242091645,78,59718.12567965278,60451.81375560185,120.0,PUBLIC
1623.01,407394748,FP,0.7522775,1301.0,1.073,0,tess2024114025118-s0078-0000000407394748-0273-s,220265667,78,60433.76809149305,60451.81931112269,120.0,PUBLIC
1623.01,407394748,FP,0.7522775,1301.0,1.073,0,tess2019199201929-s0014-s0086-0000000407394748,262996315,86,59718.12567965278,60479.16813621528,120.0,PUBLIC
1623.01,407394748,FP,0.7522775,1301.0,1.073,0,tess2022138205153-s0052-0000000407394748-0224-s,87655040,52,59718.13123517361,59742.573010092594,120.0,PUBLIC
1623.01,407394748,FP,0.7522775,1301.0,1.073,0,tess2022302161335-s0058-0000000407394748-0247-s,104658385,58,59881.83060252315,59909.55029828704,120.0,PUBLIC
1623.01,407394748,FP,0.7522775,1301.0,1.073,0,tess2022330142927-s0059-0000000407394748-0248-s,113396702,59,59909.765575324076,59936.18885896991,120.0,PUBLIC
4927.01,376421071,PC,0.8166936,2890.0,1.234,1,tess2023096110322-s0064-0000000376421071-0257-s,139102347,64,60040.61527505787,60067.53330753472,120.0,PUBLIC
4927.01,376421071,PC,0.8166936,2890.0,1.234,1,tess2025071122000-s0090-0000000376421071-0287-s,262867036,90,60746.659901886575,60774.5783896412,120.0,PUBLIC
4927.01,376421071,PC,0.8166936,2890.0,1.234,1,tess2018206190142-s0001-s0096-0000000376421071,403558269,96,60040.609719444445,60774.57561184028,120.0,PUBLIC
4729.01,52738649,PC,6.9279673,6830.0,1.868,1,tess2024353092137-s0087-0000000052738649-0284-s,238529389,87,60662.557424502316,60688.907410949076,120.0,PUBLIC
1795.01,135083444,FP,2.7917911,1018.9771433,1.4664254,0,tess2019199201929-s0014-s0050-0000000135083444,87588520,50,58898.804405173614,59663.819876458336,120.0,PUBLIC
1795.01,135083444,FP,2.7917911,1018.9771433,1.4664254,0,tess2022057073128-s0049-0000000135083444-0221-s,82436943,49,59636.97659625,59663.819876458336,120.0,PUBLIC
1795.01,135083444,FP,2.7917911,1018.9771433,1.4664254,0,tess2020049080258-s0022-0000000135083444-0174-s,27323922,22,58898.82662825232,58925.99801491898,120.0,PUBLIC
3623.01,422881018,PC,5.7456862,9441.0,3.339,1,tess2024274222008-s0084-0000000422881018-0281-s,233399174,84,60584.09309609954,60609.844856828706,120.0,PUBLIC
3623.01,422881018,PC,5.7456862,9441.0,3.339,1,tess2019199201929-s0014-s0086-0000000422881018,262996650,86,59852.85219881945,60609.83930131944,120.0,PUBLIC
3623.01,422881018,PC,5.7456862,9441.0,3.339,1,tess2022273165103-s0057-0000000422881018-0245-s,101308450,57,59852.857754571756,59881.61924655092,120.0,PUBLIC
6405.01,142908390,PC,6.7392054,5180.0,0.839,1,tess2025014115807-s0088-0000000142908390-0285-s,245362915,88,60689.65529326389,60717.427457314814,120.0,PUBLIC
2598.01,12036590,FP,5.73436,17740.0,1.146,0,tess2024353092137-s0087-0000000012036590-0284-s,238527527,87,60662.55756951389,60689.22940118056,120.0,PUBLIC
2266.01,8348911,CP,2.326343,4153.6144436,1.2195051,1,tess2020106103520-s0024-0000000008348911-0180-s,27408694,24,58955.29709112,58981.78363466,120.0,PUBLIC
2266.01,8348911,CP,2.326343,4153.6144436,1.2195051,1,tess2020133194932-s0025-0000000008348911-0182-s,27640683,25,58983.13502262,59008.80834308,120.0,PUBLIC
2266.01,8348911,CP,2.326343,4153.6144436,1.2195051,1,tess2019199201929-s0014-s0026-0000000008348911,27742063,26,58955.291535439814,59008.8083430787,120.0,PUBLIC
2266.01,8348911,CP,2.326343,4153.6144436,1.2195051,1,tess2019199201929-s0014-s0055-0000000008348911,96861128,55,58955.291535439814,59742.57601170139,120.0,PUBLIC
2266.01,8348911,CP,2.326343,4153.6144436,1.2195051,1,tess2024142205832-s0079-0000000008348911-0274-s,222835720,79,60452.04087351852,60479.17644216435,120.0,PUBLIC
2266.01,8348911,CP,2.326343,4153.6144436,1.2195051,1,tess2024114025118-s0078-0000000008348911-0273-s,220229490,78,60433.781086724535,60451.82559650463,120.0,PUBLIC
2266.01,8348911,CP,2.326343,4153.6144436,1.2195051,1,tess2019199201929-s0014-s0078-0000000008348911,242086107,78,58955.291535439814,60451.820040983795,120.0,PUBLIC
2266.01,8348911,CP,2.326343,4153.6144436,1.2195051,1,tess2019199201929-s0014-s0086-0000000008348911,262987624,86,58955.291535439814,60479.17366446759,120.0,PUBLIC
2266.01,8348911,CP,2.326343,4153.6144436,1.2195051,1,tess2022112184951-s0051-0000000008348911-0223-s,87489752,51,59692.46225420139,59717.03751746528,120.0,PUBLIC
2266.01,8348911,CP,2.326343,4153.6144436,1.2195051,1,tess2022138205153-s0052-0000000008348911-0224-s,87637065,52,59718.1374965162,59742.57878940972,120.0,PUBLIC
3597.01,267650535,KP,4.0088245,21483.7462243,2.7370959,1,tess2024274222008-s0084-0000000267650535-0281-a_fast,233394226,84,60584.09348034722,60609.844923715274,20.0,PUBLIC
3597.01,267650535,KP,4.0088245,21483.7462243,2.7370959,1,tess2024274222008-s0084-0000000267650535-0281-s,233394228,84,60584.09348034722,60609.844923715274,120.0,PUBLIC
3597.01,267650535,KP,4.0088245,21483.7462243,2.7370959,1,tess2019199201929-s0014-s0086-0000000267650535,262993000,86,59852.85258752315,60609.83936827546,120.0,PUBLIC
3597.01,267650535,KP,4.0088245,21483.7462243,2.7370959,1,tess2022273165103-s0057-0000000267650535-0245-s,101303605,57,59852.85814321759,59881.61927974537,120.0,PUBLIC
3597.01,267650535,KP,4.0088245,21483.7462243,2.7370959,1,tess2022273165103-s0057-0000000267650535-0245-a_fast,101303611,57,59852.85814321759,59881.619279756946,20.0,PUBLIC
1348.01,229770036,FP,2.1403498,435.3645005,2.7414132,0,tess2020106103520-s0024-0000000229770036-0180-s,27397757,24,58955.29339513,58981.77943932,120.0,PUBLIC
1348.01,229770036,FP,2.1403498,435.3645005,2.7414132,0,tess2020133194932-s0025-0000000229770036-0182-s,27634679,25,58983.13082962,59008.80450087,120.0,PUBLIC
1348.01,229770036,FP,2.1403498,435.3645005,2.7414132,0,tess2020078014623-s0023-0000000229770036-0177-s,27363532,23,58927.60470275463,58954.37396030092,120.0,PUBLIC
1348.01,229770036,FP,2.1403498,435.3645005,2.7414132,0,tess2019199201929-s0014-s0023-0000000229770036,62287521,23,58682.84660734954,58954.37396030092,120.0,PUBLIC
1348.01,229770036,FP,2.1403498,435.3645005,2.7414132,0,tess2019199201929-s0014-s0026-0000000229770036,27742210,26,58682.84660734954,59034.633829756945,120.0,PUBLIC
1348.01,229770036,FP,2.1403498,435.3645005,2.7414132,0,tess2020160202036-s0026-0000000229770036-0188-s,27672801,26,59009.76561577546,59034.633829756945,120.0,PUBLIC
1348.01,229770036,FP,2.1403498,435.3645005,2.7414132,0,tess2021175071901-s0040-0000000229770036-0211-s,62355416,40,59390.15164978009,59418.353272789354,120.0,PUBLIC
1348.01,229770036,FP,2.1403498,435.3645005,2.7414132,0,tess2021204101404-s0041-0000000229770036-0212-s,62799278,41,59419.488003321756,59446.078545462966,120.0,PUBLIC
1348.01,229770036,FP,2.1403498,435.3645005,2.7414132,0,tess2019199201929-s0014-s0041-0000000229770036,64266323,41,58682.84660734954,59446.078545462966,120.0,PUBLIC
1348.01,229770036,FP,2.1403498,435.3645005,2.7414132,0,tess2021364111932-s0047-0000000229770036-0218-s,71660160,47,59579.314909594905,59606.4396415625,120.0,PUBLIC
1348.01,229770036,FP,2.1403498,435.3645005,2.7414132,0,tess2019198215352-s0014-0000000229770036-0150-s,27444514,14,58682.852162951385,58709.70381140046,120.0,PUBLIC
1348.01,229770036,FP,2.1403498,435.3645005,2.7414132,0,tess2024274222008-s0084-0000000229770036-0281-s,233390760,84,60584.08906640046,60609.840570231485,120.0,PUBLIC
1348.01,229770036,FP,2.1403498,435.3645005,2.7414132,0,tess2024300212641-s0085-0000000229770036-0282-s,233654287,85,60610.0544596875,60635.54473649306,120.0,PUBLIC
1348.01,229770036,FP,2.1403498,435.3645005,2.7414132,0,tess2024326142117-s0086-0000000229770036-0283-s,236657227,86,60635.76001372685,60662.32655300926,120.0,PUBLIC
1348.01,229770036,FP,2.1403498,435.3645005,2.7414132,0,tess2019199201929-s0014-s0086-0000000229770036,262991200,86,58682.84660733796,60662.32655300926,120.0,PUBLIC
1348.01,229770036,FP,2.1403498,435.3645005,2.7414132,0,tess2022057073128-s0049-0000000229770036-0221-s,82443846,49,59636.971246388886,59663.814048796296,120.0,PUBLIC
1348.01,229770036,FP,2.1403498,435.3645005,2.7414132,0,tess2022085151738-s0050-0000000229770036-0222-s,83240660,50,59664.76959578704,59691.0083278125,120.0,PUBLIC
1348.01,229770036,FP,2.1403498,435.3645005,2.7414132,0,tess2019199201929-s0014-s0050-0000000229770036,87589835,50,58682.84660734954,59691.0083278125,120.0,PUBLIC
1348.01,229770036,FP,2.1403498,435.3645005,2.7414132,0,tess2022112184951-s0051-0000000229770036-0223-s,87498212,51,59692.45415305556,59717.03328625,120.0,PUBLIC
1348.01,229770036,FP,2.1403498,435.3645005,2.7414132,0,tess2022138205153-s0052-0000000229770036-0224-s,87644393,52,59718.13327943287,59742.575020902776,120.0,PUBLIC
1348.01,229770036,FP,2.1403498,435.3645005,2.7414132,0,tess2022164095748-s0053-0000000229770036-0226-s,87751629,53,59743.494468784724,59768.47797240741,120.0,PUBLIC
1348.01,229770036,FP,2.1403498,435.3645005,2.7414132,0,tess2022190063128-s0054-0000000229770036-0227-s,91552119,54,59769.39742908565,59795.62822922454,120.0,PUBLIC
1348.01,229770036,FP,2.1403498,435.3645005,2.7414132,0,tess2022217014003-s0055-0000000229770036-0242-s,93778016,55,59796.5990693287,59823.76322829861,120.0,PUBLIC
1348.01,229770036,FP,2.1403498,435.3645005,2.7414132,0,tess2019199201929-s0014-s0055-0000000229770036,96865256,55,58682.84660734954,59823.763228310185,120.0,PUBLIC
1348.01,229770036,FP,2.1403498,435.3645005,2.7414132,0,tess2022244194134-s0056-0000000229770036-0243-s,97935913,56,59824.7562903588,59852.63846363426,120.0,PUBLIC
1348.01,229770036,FP,2.1403498,435.3645005,2.7414132,0,tess2022244194134-s0056-0000000229770036-0243-a_fast,97935927,56,59824.7562903588,59852.6391580787,20.0,PUBLIC
1348.01,229770036,FP,2.1403498,435.3645005,2.7414132,0,tess2022273165103-s0057-0000000229770036-0245-a_fast,101301366,57,59852.85374274306,59881.61497880787,20.0,PUBLIC
1348.01,229770036,FP,2.1403498,435.3645005,2.7414132,0,tess2022273165103-s0057-0000000229770036-0245-s,101301372,57,59852.85374274306,59881.61497880787,120.0,PUBLIC
1348.01,229770036,FP,2.1403498,435.3645005,2.7414132,0,tess2022302161335-s0058-0000000229770036-0247-a_fast,104650800,58,59881.82886789352,59909.548988599534,20.0,PUBLIC
1348.01,229770036,FP,2.1403498,435.3645005,2.7414132,0,tess2022302161335-s0058-0000000229770036-0247-s,104650805,58,59881.82886789352,59909.548294155094,120.0,PUBLIC
1348.01,229770036,FP,2.1403498,435.3645005,2.7414132,0,tess2022330142927-s0059-0000000229770036-0248-a_fast,113387740,59,59909.763571006944,59936.187731018515,20.0,PUBLIC
1348.01,229770036,FP,2.1403498,435.3645005,2.7414132,0,tess2022330142927-s0059-0000000229770036-0248-s,113387745,59,59909.763571006944,59936.187036585645,120.0,PUBLIC
1348.01,229770036,FP,2.1403498,435.3645005,2.7414132,0,tess2022357055054-s0060-0000000229770036-0249-s,114310418,60,59936.402312569444,59962.08263232639,120.0,PUBLIC
1348.01,229770036,FP,2.1403498,435.3645005,2.7414132,0,tess2022357055054-s0060-0000000229770036-0249-a_fast,114310424,60,59936.402312569444,59962.08332677084,20.0,PUBLIC
1348.01,229770036,FP,2.1403498,435.3645005,2.7414132,0,tess2019199201929-s0014-s0060-0000000229770036,117283504,60,58682.84660734954,59962.08263232639,120.0,PUBLIC
1348.01,229770036,FP,2.1403498,435.3645005,2.7414132,0,tess2019226182529-s0015-0000000229770036-0151-s,27480230,15,58710.86354726852,58736.90962774306,120.0,PUBLIC
1348.01,229770036,FP,2.1403498,435.3645005,2.7414132,0,tess2019253231442-s0016-0000000229770036-0152-s,27524215,16,58738.15130684028,58762.8195397338,120.0,PUBLIC
1348.01,229770036,FP,2.1403498,435.3645005,2.7414132,0,tess2019199201929-s0014-s0016-0000000229770036,62288803,16,58682.84663013889,58762.81956275463,120.0,PUBLIC
1348.01,229770036,FP,2.1403498,435.3645005,2.7414132,0,tess2019279210107-s0017-0000000229770036-0161-s,27558490,17,58764.183445787035,58789.19464346065,120.0,PUBLIC
1348.01,229770036,FP,2.1403498,435.3645005,2.7414132,0,tess2019199201929-s0014-s0019-0000000229770036,27738791,19,58682.84660734954,58840.64863775463,120.0,PUBLIC
1348.01,229770036,FP,2.1403498,435.3645005,2.7414132,0,tess2019331140908-s0019-0000000229770036-0164-s,27705535,19,58815.58350436343,58840.64447111111,120.0,PUBLIC
1348.01,229770036,FP,2.1403498,435.3645005,2.7414132,0,tess2019357164649-s0020-0000000229770036-0165-s,27241064,20,58842.00279636574,58868.32199325231,120.0,PUBLIC
1348.01,229770036,FP,2.1403498,435.3645005,2.7414132,0,tess2020020091053-s0021-0000000229770036-0167-s,27268473,21,58869.93308884259,58897.28000774306,120.0,PUBLIC
1348.01,229770036,FP,2.1403498,435.3645005,2.7414132,0,tess2020049080258-s0022-0000000229770036-0174-s,27321807,22,58898.81888146991,58925.992215625,120.0,PUBLIC
1344.01,1400770435,FP,13.7432169,5046.0,2.73,0,tess2020106103520-s0024-0000001400770435-0180-s,27390793,24,58955.29468815,58981.78107233,120.0,PUBLIC
1344.01,1400770435,FP,13.7432169,5046.0,2.73,0,tess2020133194932-s0025-0000001400770435-0182-s,27638242,25,58983.1352474,59008.80614759,120.0,PUBLIC
1344.01,1400770435,FP,13.7432169,5046.0,2.73,0,tess2019199201929-s0014-s0023-0000001400770435,62288711,23,58682.84769015046,58954.37522508102,120.0,PUBLIC
1344.01,1400770435,FP,13.7432169,5046.0,2.73,0,tess2020078014623-s0023-0000001400770435-0177-s,27360087,23,58927.61368534722,58954.37522508102,120.0,PUBLIC
1344.01,1400770435,FP,13.7432169,5046.0,2.73,0,tess2019199201929-s0014-s0026-0000001400770435,27742293,26,58682.84769015046,59034.63517760417,120.0,PUBLIC
1344.01,1400770435,FP,13.7432169,5046.0,2.73,0,tess2020160202036-s0026-0000001400770435-0188-s,27670937,26,59009.76725498842,59034.63517760417,120.0,PUBLIC
1344.01,1400770435,FP,13.7432169,5046.0,2.73,0,tess2019198215352-s0014-0000001400770435-0150-s,27440949,14,58682.853245625,58709.70422896991,120.0,PUBLIC
1344.01,1400770435,FP,13.7432169,5046.0,2.73,0,tess2019226182529-s0015-0000001400770435-0151-s,27483579,15,58710.86391934028,58736.90927311342,120.0,PUBLIC
1344.01,1400770435,FP,13.7432169,5046.0,2.73,0,tess2019253231442-s0016-0000001400770435-0152-s,27509248,16,58738.150915949074,58762.81852674769,120.0,PUBLIC
1344.01,1400770435,FP,13.7432169,5046.0,2.73,0,tess2019199201929-s0014-s0016-0000001400770435,62288963,16,58682.847712939816,58762.81854975694,120.0,PUBLIC
1344.01,1400770435,FP,13.7432169,5046.0,2.73,0,tess2019279210107-s0017-0000001400770435-0161-s,27549625,17,58764.18240186343,58789.19316390046,120.0,PUBLIC
1344.01,1400770435,FP,13.7432169,5046.0,2.73,0,tess2019306063752-s0018-0000001400770435-0162-s,27597536,18,58790.154263599536,58814.51241940972,120.0,PUBLIC
1344.01,1400770435,FP,13.7432169,5046.0,2.73,0,tess2019199201929-s0014-s0019-0000001400770435,27740411,19,58682.84769015046,58840.64716033565,120.0,PUBLIC
1344.01,1400770435,FP,13.7432169,5046.0,2.73,0,tess2019331140908-s0019-0000001400770435-0164-s,27707285,19,58815.581860694445,58840.63466023148,120.0,PUBLIC
1344.01,1400770435,FP,13.7432169,5046.0,2.73,0,tess2019357164649-s0020-0000001400770435-0165-s,27236686,20,58842.001334768516,58868.32102263889,120.0,PUBLIC
1344.01,1400770435,FP,13.7432169,5046.0,2.73,0,tess2020020091053-s0021-0000001400770435-0167-s,27268201,21,58869.932154155096,58897.27980538194,120.0,PUBLIC
2172.01,76197937,FA,1.78252,1920.0,2.729,0,tess2021175071901-s0040-0000000076197937-0211-s,62348282,40,59390.154943761576,59418.356069421294,120.0,PUBLIC
2172.01,76197937,FA,1.78252,1920.0,2.729,0,tess2024003055635-s0074-0000000076197937-0269-s,212264371,74,60312.36007096065,60339.06604637732,120.0,PUBLIC
2172.01,76197937,FA,1.78252,1920.0,2.729,0,tess2024142205832-s0079-0000000076197937-0274-s,222841095,79,60452.03962222222,60479.17620638889,120.0,PUBLIC
2172.01,76197937,FA,1.78252,1920.0,2.729,0,tess2024170053053-s0080-0000000076197937-0275-s,229365696,80,60479.390085335646,60505.83859987269,120.0,PUBLIC
2172.01,76197937,FA,1.78252,1920.0,2.729,0,tess2022164095748-s0053-0000000076197937-0226-s,87745075,53,59743.49774841435,59768.481113263886,120.0,PUBLIC
2172.01,76197937,FA,1.78252,1920.0,2.729,0,tess2022190063128-s0054-0000000076197937-0227-s,91544355,54,59769.40055622685,59795.630606736115,120.0,PUBLIC
900.01,210873792,PC,4.8495236,1558.4108001,3.060243,1,tess2018206190142-s0001-s0039-0000000210873792,62341476,39,58624.45391502315,59389.222679652776,120.0,PUBLIC
900.01,210873792,PC,4.8495236,1558.4108001,3.060243,1,tess2021146024351-s0039-0000000210873792-0210-s,62003264,39,59361.275912060184,59389.20879127315,120.0,PUBLIC
900.01,210873792,PC,4.8495236,1558.4108001,3.060243,1,tess2019140104343-s0012-0000000210873792-0144-s,65180578,12,58624.459470625,58652.39679917824,120.0,PUBLIC
900.01,210873792,PC,4.8495236,1558.4108001,3.060243,1,tess2025099153000-s0091-0000000210873792-0288-s,266967745,91,60774.79364131945,60802.26188763889,120.0,PUBLIC
900.01,210873792,PC,4.8495236,1558.4108001,3.060243,1,tess2023124020739-s0065-0000000210873792-0259-s,151528014,65,60068.24308,60096.12284837963,120.0,PUBLIC
900.01,210873792,PC,4.8495236,1558.4108001,3.060243,1,tess2018206190142-s0001-s0065-0000000210873792,160346034,65,58624.45391502315,60096.13395954861,120.0,PUBLIC
900.01,210873792,PC,4.8495236,1558.4108001,3.060243,1,tess2018206190142-s0001-s0092-0000000210873792,314950141,92,58624.45391502315,60802.25910974537,120.0,PUBLIC
1063.01,406976746,PC,10.0665517,862.6763733,2.0209131,1,tess2021146024351-s0039-0000000406976746-0210-a_fast,62014458,39,59361.272909618056,59389.22132204861,20.0,PUBLIC
1063.01,406976746,PC,10.0665517,862.6763733,2.0209131,1,tess2018206190142-s0001-s0039-0000000406976746,62344223,39,58624.450904537036,59389.220164652776,120.0,PUBLIC
1063.01,406976746,PC,10.0665517,862.6763733,2.0209131,1,tess2021146024351-s0039-0000000406976746-0210-s,62004989,39,59361.272909618056,59389.220164652776,120.0,PUBLIC
1063.01,406976746,PC,10.0665517,862.6763733,2.0209131,1,tess2019140104343-s0012-0000000406976746-0144-s,65192280,12,58624.46201578704,58652.394138055555,120.0,PUBLIC
1063.01,406976746,PC,10.0665517,862.6763733,2.0209131,1,tess2019169103026-s0013-0000000406976746-0146-s,65473162,13,58653.42190769676,58681.858934247684,120.0,PUBLIC
1063.01,406976746,PC,10.0665517,862.6763733,2.0209131,1,tess2018206190142-s0001-s0013-0000000406976746,65487976,13,58624.45092732639,58681.858957268516,120.0,PUBLIC
1063.01,406976746,PC,10.0665517,862.6763733,2.0209131,1,tess2023153011303-s0066-0000000406976746-0260-s,173764423,66,60097.175427650465,60125.92949542824,120.0,PUBLIC
1063.01,406976746,PC,10.0665517,862.6763733,2.0209131,1,tess2018206190142-s0001-s0069-0000000406976746,198776743,69,58624.450904537036,60125.929495439814,120.0,PUBLIC
1063.01,406976746,PC,10.0665517,862.6763733,2.0209131,1,tess2018206190142-s0001-s0065-0000000406976746,160360445,65,58624.450904537036,60096.130969907405,120.0,PUBLIC
1063.01,406976746,PC,10.0665517,862.6763733,2.0209131,1,tess2023124020739-s0065-0000000406976746-0259-s,151541009,65,60068.24014997685,60096.130969895836,120.0,PUBLIC
1063.01,406976746,PC,10.0665517,862.6763733,2.0209131,1,tess2025154050500-s0093-0000000406976746-0290-a_fast,300588267,93,60829.35937306713,60855.55117322916,20.0,PUBLIC
1063.01,406976746,PC,10.0665517,862.6763733,2.0209131,1,tess2025154050500-s0093-0000000406976746-0290-s,300588268,93,60829.37603986111,60855.53566418982,120.0,PUBLIC
1063.01,406976746,PC,10.0665517,862.6763733,2.0209131,1,tess2026060005000-s0101-0000000406976746-0303-s,389902883,101,61100.28230224537,61126.3057658912,120.0,PUBLIC
1063.01,406976746,PC,10.0665517,862.6763733,2.0209131,1,tess2018206190142-s0001-s0096-0000000406976746,403568047,96,58624.450904537036,60855.54816402778,120.0,PUBLIC
2341.01,100267480,FP,0.87741,12050.0,0.472,0,tess2023181235917-s0067-0000000100267480-0261-s,170997408,67,60126.145377546294,60153.892709976855,120.0,PUBLIC
2341.01,100267480,FP,0.87741,12050.0,0.472,0,tess2025180145000-s0094-0000000100267480-0291-s,302087441,94,60855.99875428241,60881.13503612269,120.0,PUBLIC
2341.01,100267480,FP,0.87741,12050.0,0.472,0,tess2018206190142-s0001-s0096-0000000100267480,403475590,96,60126.13982182871,60881.619752824074,120.0,PUBLIC
3734.01,105135774,PC,2.141186,10052.7515924,2.7636092,1,tess2023341045131-s0073-0000000105135774-0268-s,206173192,73,60285.30235462963,60312.153494502316,120.0,PUBLIC
3734.01,105135774,PC,2.141186,10052.7515924,2.7636092,1,tess2019199201929-s0014-s0078-0000000105135774,242086879,78,59909.76206443287,60312.150716828706,120.0,PUBLIC
3734.01,105135774,PC,2.141186,10052.7515924,2.7636092,1,tess2024326142117-s0086-0000000105135774-0283-s,236654238,86,60635.76389717592,60662.330913275466,120.0,PUBLIC
3734.01,105135774,PC,2.141186,10052.7515924,2.7636092,1,tess2019199201929-s0014-s0086-0000000105135774,262988796,86,59909.76206443287,60662.32535778935,120.0,PUBLIC
3734.01,105135774,PC,2.141186,10052.7515924,2.7636092,1,tess2022330142927-s0059-0000000105135774-0248-s,113384444,59,59909.77039795139,59936.191405763886,120.0,PUBLIC
1025.01,297967252,FP,9.6837908,4965.2496516,1.6988586,0,tess2021039152502-s0035-0000000297967252-0205-s,60663432,35,59254.49059862269,59279.481355972224,120.0,PUBLIC
1025.01,297967252,FP,9.6837908,4965.2496516,1.6988586,0,tess2021039152502-s0035-0000000297967252-0205-a_fast,60676367,35,59254.49059862269,59279.481818935186,20.0,PUBLIC
1025.01,297967252,FP,9.6837908,4965.2496516,1.6988586,0,tess2021065132309-s0036-0000000297967252-0207-a_fast,60751783,36,59280.40497238426,59305.49217885417,20.0,PUBLIC
1025.01,297967252,FP,9.6837908,4965.2496516,1.6988586,0,tess2021065132309-s0036-0000000297967252-0207-s,60764133,36,59280.40497238426,59305.491021469905,120.0,PUBLIC
1025.01,297967252,FP,9.6837908,4965.2496516,1.6988586,0,tess2018206190142-s0001-s0036-0000000297967252,61532423,36,58542.71769358796,59305.491021469905,120.0,PUBLIC
1025.01,297967252,FP,9.6837908,4965.2496516,1.6988586,0,tess2019058134432-s0009-0000000297967252-0139-s,62903242,9,58542.73852716435,58567.97750927084,120.0,PUBLIC
1025.01,297967252,FP,9.6837908,4965.2496516,1.6988586,0,tess2019085135100-s0010-0000000297967252-0140-s,64311544,10,58568.938607951386,58595.18257135417,120.0,PUBLIC
1025.01,297967252,FP,9.6837908,4965.2496516,1.6988586,0,tess2018206190142-s0001-s0013-0000000297967252,65486773,13,58542.717716377316,58595.182594375,120.0,PUBLIC
1025.01,297967252,FP,9.6837908,4965.2496516,1.6988586,0,tess2018206190142-s0001-s0065-0000000297967252,160351887,65,58542.71769358796,60040.39756976852,120.0,PUBLIC
1025.01,297967252,FP,9.6837908,4965.2496516,1.6988586,0,tess2025042113628-s0089-0000000297967252-0286-s,252315904,89,60717.639526377316,60746.44692436342,120.0,PUBLIC
1025.01,297967252,FP,9.6837908,4965.2496516,1.6988586,0,tess2025042113628-s0089-0000000297967252-0286-a_fast,252315906,89,60717.639526377316,60746.44692436342,20.0,PUBLIC
1025.01,297967252,FP,9.6837908,4965.2496516,1.6988586,0,tess2025071122000-s0090-0000000297967252-0287-s,262863950,90,60746.66081461806,60774.5786415625,120.0,PUBLIC
1025.01,297967252,FP,9.6837908,4965.2496516,1.6988586,0,tess2025071122000-s0090-0000000297967252-0287-a_fast,262863952,90,60746.66081461806,60774.5786415625,20.0,PUBLIC
1025.01,297967252,FP,9.6837908,4965.2496516,1.6988586,0,tess2023043185947-s0062-0000000297967252-0254-a_fast,124161130,62,59987.9417419213,60013.655357905096,20.0,PUBLIC
1025.01,297967252,FP,9.6837908,4965.2496516,1.6988586,0,tess2023043185947-s0062-0000000297967252-0254-s,124161145,62,59987.94174193287,60013.65466346065,120.0,PUBLIC
1025.01,297967252,FP,9.6837908,4965.2496516,1.6988586,0,tess2023069172124-s0063-0000000297967252-0255-s,127094350,63,60013.869942592595,60040.40173636574,120.0,PUBLIC
1025.01,297967252,FP,9.6837908,4965.2496516,1.6988586,0,tess2023069172124-s0063-0000000297967252-0255-a_fast,127094356,63,60013.869942592595,60040.40173636574,20.0,PUBLIC
1025.01,297967252,FP,9.6837908,4965.2496516,1.6988586,0,tess2018206190142-s0001-s0096-0000000297967252,403533716,96,58542.71769358796,60774.57864157407,120.0,PUBLIC
5305.01,408743161,PC,4.4632038,7210.0,3.659,1,tess2023263165758-s0070-0000000408743161-0265-s,191174408,70,60207.872649386576,60233.30717181713,120.0,PUBLIC
5305.01,408743161,PC,4.4632038,7210.0,3.659,1,tess2023289093419-s0071-0000000408743161-0266-s,197698366,71,60233.64189741898,60259.330910439814,120.0,PUBLIC
5305.01,408743161,PC,4.4632038,7210.0,3.659,1,tess2018235142541-s0002-s0072-0000000408743161,208737845,72,60207.8518146875,60259.47118572917,120.0,PUBLIC
6739.01,91324328,PC,4.6588405,12845.0,1.429,1,tess2025154050500-s0093-0000000091324328-0290-s,300577166,93,60829.37683273148,60854.77867412037,120.0,PUBLIC
6739.01,91324328,PC,4.6588405,12845.0,1.429,1,tess2026137223500-s0104-0000000091324328-0306-s,426756740,104,61178.10642842593,61204.34083832176,120.0,PUBLIC
528.01,403693875,FP,3.5248693,24987.7992456,3.1475424,0,tess2020351194500-s0033-0000000403693875-0203-s,28218746,33,59201.23666591,59227.07716975,120.0,PUBLIC
528.01,403693875,FP,3.5248693,24987.7992456,3.1475424,0,tess2018349182500-s0006-0000000403693875-0126-s,62263393,6,58467.7743959838,58489.54976016204,120.0,PUBLIC
528.01,403693875,FP,3.5248693,24987.7992456,3.1475424,0,tess2018206190142-s0001-s0036-0000000403693875,61535758,36,58467.7743959838,59227.07716975694,120.0,PUBLIC
528.01,403693875,FP,3.5248693,24987.7992456,3.1475424,0,tess2023289093419-s0071-0000000403693875-0266-s,197697871,71,60233.53857078704,60259.45618020833,120.0,PUBLIC
528.01,403693875,FP,3.5248693,24987.7992456,3.1475424,0,tess2018235142541-s0002-s0072-0000000403693875,208737685,72,58467.7743959838,60285.085645046296,120.0,PUBLIC
528.01,403693875,FP,3.5248693,24987.7992456,3.1475424,0,tess2023315124025-s0072-0000000403693875-0267-s,198798415,72,60260.50347282407,60285.087033993055,120.0,PUBLIC
6172.01,26583436,FP,6.1432609,3620.7247879,5.2813474,0,tess2024003055635-s0074-0000000026583436-0269-s,212263376,74,60312.361106979166,60339.066351712965,120.0,PUBLIC
6172.01,26583436,FP,6.1432609,3620.7247879,5.2813474,0,tess2024030031500-s0075-0000000026583436-0270-s,212745715,75,60339.281628460645,60366.98037454861,120.0,PUBLIC
6172.01,26583436,FP,6.1432609,3620.7247879,5.2813474,0,tess2024196212429-s0081-0000000026583436-0276-s,229884586,81,60506.05305190972,60532.67817090278,120.0,PUBLIC
6172.01,26583436,FP,6.1432609,3620.7247879,5.2813474,0,tess2024223182411-s0082-0000000026583436-0278-s,232638082,82,60532.89344853009,60558.74733856481,120.0,PUBLIC
6172.01,26583436,FP,6.1432609,3620.7247879,5.2813474,0,tess2019199201929-s0014-s0078-0000000026583436,242086283,78,60312.35555153935,60366.98037454861,120.0,PUBLIC
6172.01,26583436,FP,6.1432609,3620.7247879,5.2813474,0,tess2019199201929-s0014-s0086-0000000026583436,262987906,86,60312.35555153935,60558.74178311342,120.0,PUBLIC
3958.01,279383896,PC,12.0031646,5497.3001958,5.2145528,1,tess2019199201929-s0014-s0060-0000000279383896,117284973,60,59852.85045215278,59909.54467083333,120.0,PUBLIC
3958.01,279383896,PC,12.0031646,5497.3001958,5.2145528,1,tess2024085201119-s0077-0000000279383896-0272-s,216503039,77,60394.98226425926,60423.045335173614,120.0,PUBLIC
3958.01,279383896,PC,12.0031646,5497.3001958,5.2145528,1,tess2024274222008-s0084-0000000279383896-0281-s,233394714,84,60584.091341273146,60609.8429656713,120.0,PUBLIC
3958.01,279383896,PC,12.0031646,5497.3001958,5.2145528,1,tess2024300212641-s0085-0000000279383896-0282-s,233658072,85,60610.056853483795,60635.54677783565,120.0,PUBLIC
3958.01,279383896,PC,12.0031646,5497.3001958,5.2145528,1,tess2024114025118-s0078-0000000279383896-0273-s,220250893,78,60433.76760054398,60451.81928181713,120.0,PUBLIC
3958.01,279383896,PC,12.0031646,5497.3001958,5.2145528,1,tess2019199201929-s0014-s0078-0000000279383896,242089839,78,59852.85045215278,60451.817892893516,120.0,PUBLIC
3958.01,279383896,PC,12.0031646,5497.3001958,5.2145528,1,tess2019199201929-s0014-s0086-0000000279383896,262993460,86,59852.85045215278,60635.54538899306,120.0,PUBLIC
3958.01,279383896,PC,12.0031646,5497.3001958,5.2145528,1,tess2022273165103-s0057-0000000279383896-0245-s,101304048,57,59852.8560078125,59881.617361226854,120.0,PUBLIC
3958.01,279383896,PC,12.0031646,5497.3001958,5.2145528,1,tess2022302161335-s0058-0000000279383896-0247-s,104653620,58,59881.831249131945,59909.55022622685,120.0,PUBLIC
6848.01,230982415,PC,7.5954765,45085.0,2.533,1,tess2025232030459-s0096-0000000230982415-0293-s,354015586,96,60907.276070810185,60932.93458479167,120.0,PUBLIC
6848.01,230982415,PC,7.5954765,45085.0,2.533,1,tess2026111101500-s0103-0000000230982415-0305-s,417386421,103,61151.52909959491,61177.83298275463,120.0,PUBLIC
6848.01,230982415,PC,7.5954765,45085.0,2.533,1,tess2026137223500-s0104-0000000230982415-0306-s,426776894,104,61178.08438246528,61204.692681238426,120.0,PUBLIC
6848.01,230982415,PC,7.5954765,45085.0,2.533,1,tess2026164183000-s0105-0000000230982415-0307-s,449920139,105,61204.91768615741,61232.55932349537,120.0,PUBLIC
2760.01,130611752,FP,0.4405893,1850.0,1.075,0,tess2023018032328-s0061-0000000130611752-0250-s,117951465,61,59962.30004738426,59987.72203950232,120.0,PUBLIC
1163.01,375542276,PC,3.0771612,4703.2844346,2.6914319,1,tess2021175071901-s0040-0000000375542276-0211-s,62363518,40,59390.15604190972,59418.35789677083,120.0,PUBLIC
1163.01,375542276,PC,3.0771612,4703.2844346,2.6914319,1,tess2021204101404-s0041-0000000375542276-0212-s,62807302,41,59419.492616539355,59446.08239549769,120.0,PUBLIC
1163.01,375542276,PC,3.0771612,4703.2844346,2.6914319,1,tess2019199201929-s0014-s0041-0000000375542276,64267643,41,58682.851262951386,59446.08239549769,120.0,PUBLIC
1163.01,375542276,PC,3.0771612,4703.2844346,2.6914319,1,tess2019199201929-s0014-s0055-0000000375542276,96868481,55,58682.851262951386,59795.62849076389,120.0,PUBLIC
1163.01,375542276,PC,3.0771612,4703.2844346,2.6914319,1,tess2024196212429-s0081-0000000375542276-0276-s,229895525,81,60506.05556824074,60532.680372766205,120.0,PUBLIC
1163.01,375542276,PC,3.0771612,4703.2844346,2.6914319,1,tess2024196212429-s0081-0000000375542276-0276-a_fast,229895527,81,60506.05556824074,60532.681067199075,20.0,PUBLIC
1163.01,375542276,PC,3.0771612,4703.2844346,2.6914319,1,tess2019198215352-s0014-0000000375542276-0150-s,27431211,14,58682.85681851852,58709.70790126157,120.0,PUBLIC
1163.01,375542276,PC,3.0771612,4703.2844346,2.6914319,1,tess2019199201929-s0014-s0086-0000000375542276,262995589,86,58682.851262951386,60532.6775950463,120.0,PUBLIC
1163.01,375542276,PC,3.0771612,4703.2844346,2.6914319,1,tess2022190063128-s0054-0000000375542276-0227-s,91561837,54,59769.40208943287,59795.63265738426,120.0,PUBLIC
1478.01,409794137,CP,10.1802014,11500.0,4.613,1,tess2021014023720-s0034-0000000409794137-0204-a_fast,28289844,34,59228.25471695602,59253.57045542824,20.0,PUBLIC
1478.01,409794137,CP,10.1802014,11500.0,4.613,1,tess2021014023720-s0034-0000000409794137-0204-s,28300853,34,59228.270689641206,59253.56952951389,120.0,PUBLIC
1478.01,409794137,CP,10.1802014,11500.0,4.613,1,tess2018206190142-s0001-s0065-0000000409794137,160360622,65,59228.24846678241,59987.72746609954,120.0,PUBLIC
1478.01,409794137,CP,10.1802014,11500.0,4.613,1,tess2025014115807-s0088-0000000409794137-0285-s,245412467,88,60689.65564733796,60717.42804871528,120.0,PUBLIC
1478.01,409794137,CP,10.1802014,11500.0,4.613,1,tess2023018032328-s0061-0000000409794137-0250-s,117959790,61,59962.30237765046,59987.7177440625,120.0,PUBLIC
1478.01,409794137,CP,10.1802014,11500.0,4.613,1,tess2026005125623-s0099-0000000409794137-0300-a_fast,378419682,99,61045.61763974537,61073.28231603009,20.0,PUBLIC
1478.01,409794137,CP,10.1802014,11500.0,4.613,1,tess2026005125623-s0099-0000000409794137-0300-s,378419683,99,61045.62597340278,61073.2709734375,120.0,PUBLIC
1478.01,409794137,CP,10.1802014,11500.0,4.613,1,tess2018206190142-s0001-s0096-0000000409794137,403568482,96,59228.24846678241,60717.422493252314,120.0,PUBLIC
1182.01,341544930,FP,7.6416041,6025.0,2.654,0,tess2021204101404-s0041-0000000341544930-0212-s,62805909,41,59419.485933599535,59446.07589230324,120.0,PUBLIC
1182.01,341544930,FP,7.6416041,6025.0,2.654,0,tess2019199201929-s0014-s0050-0000000341544930,87591130,50,59419.48037818287,59663.816628645836,120.0,PUBLIC
1182.01,341544930,FP,7.6416041,6025.0,2.654,0,tess2024030031500-s0075-0000000341544930-0270-s,212754974,75,60339.28601582176,60366.984774363424,120.0,PUBLIC
1182.01,341544930,FP,7.6416041,6025.0,2.654,0,tess2024058030222-s0076-0000000341544930-0271-s,214433366,76,60367.20005020833,60394.278797025465,120.0,PUBLIC
1182.01,341544930,FP,7.6416041,6025.0,2.654,0,tess2019199201929-s0014-s0078-0000000341544930,242090656,78,59419.48037818287,60394.27601931713,120.0,PUBLIC
1182.01,341544930,FP,7.6416041,6025.0,2.654,0,tess2022027120115-s0048-0000000341544930-0219-s,71769406,48,59607.43493229167,59635.48789045139,120.0,PUBLIC
1182.01,341544930,FP,7.6416041,6025.0,2.654,0,tess2022057073128-s0049-0000000341544930-0221-s,82449702,49,59636.97398695602,59663.816628645836,120.0,PUBLIC
6084.01,294283951,FP,4.3722447,1815.211118,1.071344,0,tess2021204101404-s0041-0000000294283951-0212-s,62804886,41,59419.49018030093,59446.080713125,120.0,PUBLIC
6084.01,294283951,FP,4.3722447,1815.211118,1.071344,0,tess2024030031500-s0075-0000000294283951-0270-s,212754157,75,60339.281554166664,60366.98001554398,120.0,PUBLIC
6084.01,294283951,FP,4.3722447,1815.211118,1.071344,0,tess2024058030222-s0076-0000000294283951-0271-s,214432366,76,60367.19529478009,60394.274804305554,120.0,PUBLIC
6084.01,294283951,FP,4.3722447,1815.211118,1.071344,0,tess2024196212429-s0081-0000000294283951-0276-s,229893850,81,60506.05292913195,60532.67833079861,120.0,PUBLIC
6084.01,294283951,FP,4.3722447,1815.211118,1.071344,0,tess2024249191853-s0083-0000000294283951-0280-s,233051888,83,60558.92829778935,60583.876477881946,120.0,PUBLIC
6084.01,294283951,FP,4.3722447,1815.211118,1.071344,0,tess2019199201929-s0014-s0078-0000000294283951,242090114,78,59419.48462466435,60394.27202645833,120.0,PUBLIC
6084.01,294283951,FP,4.3722447,1815.211118,1.071344,0,tess2019199201929-s0014-s0086-0000000294283951,262993888,86,59419.48462466435,60583.87370016204,120.0,PUBLIC
6084.01,294283951,FP,4.3722447,1815.211118,1.071344,0,tess2022190063128-s0054-0000000294283951-0227-s,91558645,54,59769.399395960645,59795.630440636574,120.0,PUBLIC
6084.01,294283951,FP,4.3722447,1815.211118,1.071344,0,tess2019199201929-s0014-s0055-0000000294283951,96867506,55,59419.48462466435,59823.76245037037,120.0,PUBLIC
6084.01,294283951,FP,4.3722447,1815.211118,1.071344,0,tess2022217014003-s0055-0000000294283951-0242-s,93786811,55,59796.60128416667,59823.76522813657,120.0,PUBLIC
5877.01,282890159,PC,6.9100016,4310.0,4.536,1,tess2024196212429-s0081-0000000282890159-0276-s,229893506,81,60506.05498804398,60532.68009837963,120.0,PUBLIC
6197.01,196261799,PC,3.7294859,7112.0,3.315,1,tess2024274222008-s0084-0000000196261799-0281-s,233388580,84,60584.0929372338,60609.84467388889,120.0,PUBLIC
6197.01,196261799,PC,3.7294859,7112.0,3.315,1,tess2024300212641-s0085-0000000196261799-0282-s,233652277,85,60610.05856092593,60635.54826297454,120.0,PUBLIC
6197.01,196261799,PC,3.7294859,7112.0,3.315,1,tess2019199201929-s0014-s0086-0000000196261799,262990226,86,60584.08738152778,60635.54548532407,120.0,PUBLIC
3197.01,331160996,PC,2.1972485,30680.0,2.348,1,tess2023124020739-s0065-0000000331160996-0259-s,151535489,65,60068.24192078703,60096.1321803125,120.0,PUBLIC
3197.01,331160996,PC,2.1972485,30680.0,2.348,1,tess2026005125623-s0099-0000000331160996-0300-s,378417689,99,61045.610802152776,61073.27640216435,120.0,PUBLIC
3197.01,331160996,PC,2.1972485,30680.0,2.348,1,tess2026033082000-s0100-0000000331160996-0302-s,381182848,100,61073.49168944445,61099.96574716435,120.0,PUBLIC
3197.01,331160996,PC,2.1972485,30680.0,2.348,1,tess2026060005000-s0101-0000000331160996-0303-s,389899385,101,61100.29076913194,61126.0104112037,120.0,PUBLIC
3197.01,331160996,PC,2.1972485,30680.0,2.348,1,tess2026086090000-s0102-0000000331160996-0304-s,395670313,102,61126.53545274305,61151.21288103009,120.0,PUBLIC
1173.01,232967440,CP,7.0643978,8268.0,2.424,1,tess2019199201929-s0014-s0023-0000000232967440,62287662,23,58682.84458104167,58925.99447888889,120.0,PUBLIC
1173.01,232967440,CP,7.0643978,8268.0,2.424,1,tess2019199201929-s0014-s0016-0000000232967440,62289566,16,58682.84460383102,58736.907244270835,120.0,PUBLIC
1173.01,232967440,CP,7.0643978,8268.0,2.424,1,tess2019199201929-s0014-s0019-0000000232967440,27738915,19,58682.84458104167,58736.90722125,120.0,PUBLIC
1173.01,232967440,CP,7.0643978,8268.0,2.424,1,tess2021204101404-s0041-0000000232967440-0212-s,62800233,41,59419.48584291666,59446.076053136574,120.0,PUBLIC
1173.01,232967440,CP,7.0643978,8268.0,2.424,1,tess2019199201929-s0014-s0041-0000000232967440,64266486,41,58682.84458104167,59446.076053136574,120.0,PUBLIC
1173.01,232967440,CP,7.0643978,8268.0,2.424,1,tess2021364111932-s0047-0000000232967440-0218-s,71661131,47,59579.31225207176,59606.44189335648,120.0,PUBLIC
1173.01,232967440,CP,7.0643978,8268.0,2.424,1,tess2019199201929-s0014-s0050-0000000232967440,87590034,50,58682.84458104167,59635.487640775464,120.0,PUBLIC
1173.01,232967440,CP,7.0643978,8268.0,2.424,1,tess2024003055635-s0074-0000000232967440-0269-s,212269287,74,60312.36476690972,60339.0707421875,120.0,PUBLIC
1173.01,232967440,CP,7.0643978,8268.0,2.424,1,tess2024030031500-s0075-0000000232967440-0270-s,212751419,75,60339.28601962963,60366.98451415509,120.0,PUBLIC
1173.01,232967440,CP,7.0643978,8268.0,2.424,1,tess2019198215352-s0014-0000000232967440-0150-s,27442556,14,58682.85013650463,58709.70134251157,120.0,PUBLIC
1173.01,232967440,CP,7.0643978,8268.0,2.424,1,tess2019199201929-s0014-s0078-0000000232967440,242088741,78,58682.84458104167,60366.980347557874,120.0,PUBLIC
1173.01,232967440,CP,7.0643978,8268.0,2.424,1,tess2022027120115-s0048-0000000232967440-0219-s,71764418,48,59607.434951574076,59635.487640775464,120.0,PUBLIC
1173.01,232967440,CP,7.0643978,8268.0,2.424,1,tess2019226182529-s0015-0000000232967440-0151-s,27477723,15,58710.8610680787,58736.90722125,120.0,PUBLIC
1173.01,232967440,CP,7.0643978,8268.0,2.424,1,tess2020020091053-s0021-0000000232967440-0167-s,27283028,21,58869.93520782408,58897.28248969907,120.0,PUBLIC
1173.01,232967440,CP,7.0643978,8268.0,2.424,1,tess2020049080258-s0022-0000000232967440-0174-s,27324630,22,58898.82136388889,58925.99447888889,120.0,PUBLIC
1315.01,137284119,FP,2.571698,1173.0,3.032,0,tess2022217014003-s0055-0000000137284119-0242-s,93771902,55,59796.60174878472,59823.76607815972,120.0,PUBLIC
5212.01,424699834,FP,2.4011407,3193.9893038,3.6926411,0,tess2023341045131-s0073-0000000424699834-0268-s,206190129,73,60285.29736123842,60312.148158668984,120.0,PUBLIC
5212.01,424699834,FP,2.4011407,3193.9893038,3.6926411,0,tess2024003055635-s0074-0000000424699834-0269-s,212273907,74,60312.362037673614,60339.06717032407,120.0,PUBLIC
5212.01,424699834,FP,2.4011407,3193.9893038,3.6926411,0,tess2024030031500-s0075-0000000424699834-0270-s,212756497,75,60339.28244491898,60366.980884861114,120.0,PUBLIC
5212.01,424699834,FP,2.4011407,3193.9893038,3.6926411,0,tess2024058030222-s0076-0000000424699834-0271-s,214435157,76,60367.196162430555,60394.27545710648,120.0,PUBLIC
5212.01,424699834,FP,2.4011407,3193.9893038,3.6926411,0,tess2024085201119-s0077-0000000424699834-0272-s,216506142,77,60394.98379766204,60423.04763887732,120.0,PUBLIC
5212.01,424699834,FP,2.4011407,3193.9893038,3.6926411,0,tess2024196212429-s0081-0000000424699834-0276-s,229897002,81,60506.05210123843,60532.67740030093,120.0,PUBLIC
5212.01,424699834,FP,2.4011407,3193.9893038,3.6926411,0,tess2024223182411-s0082-0000000424699834-0278-s,232649736,82,60532.89267959491,60558.74689204861,120.0,PUBLIC
5212.01,424699834,FP,2.4011407,3193.9893038,3.6926411,0,tess2024249191853-s0083-0000000424699834-0280-s,233056975,83,60558.92744724537,60583.87585953704,120.0,PUBLIC
5212.01,424699834,FP,2.4011407,3193.9893038,3.6926411,0,tess2019199201929-s0014-s0078-0000000424699834,242091857,78,59824.75185216435,60423.042083217595,120.0,PUBLIC
5212.01,424699834,FP,2.4011407,3193.9893038,3.6926411,0,tess2019199201929-s0014-s0086-0000000424699834,262996702,86,59824.75185216435,60583.87030403935,120.0,PUBLIC
5212.01,424699834,FP,2.4011407,3193.9893038,3.6926411,0,tess2022244194134-s0056-0000000424699834-0243-s,97943229,56,59824.75740769676,59852.639154537035,120.0,PUBLIC
5212.01,424699834,FP,2.4011407,3193.9893038,3.6926411,0,tess2022273165103-s0057-0000000424699834-0245-s,101308546,57,59852.854434988425,59881.61506707176,120.0,PUBLIC
5212.01,424699834,FP,2.4011407,3193.9893038,3.6926411,0,tess2022302161335-s0058-0000000424699834-0247-s,104658888,58,59881.82895170139,59909.54777237269,120.0,PUBLIC
5212.01,424699834,FP,2.4011407,3193.9893038,3.6926411,0,tess2022357055054-s0060-0000000424699834-0249-s,114206172,60,59936.40131828704,59962.08138725694,120.0,PUBLIC
5212.01,424699834,FP,2.4011407,3193.9893038,3.6926411,0,tess2019199201929-s0014-s0060-0000000424699834,117287597,60,59824.75185216435,59962.07583178241,120.0,PUBLIC
1741.01,198206613,PC,10.9406641,440.0,2.175,1,tess2020106103520-s0024-0000000198206613-0180-s,27390845,24,58955.29493545,58981.78079687,120.0,PUBLIC
1741.01,198206613,PC,10.9406641,440.0,2.175,1,tess2020133194932-s0025-0000000198206613-0182-s,27624465,25,58983.13216728,59008.80539586,120.0,PUBLIC
1741.01,198206613,PC,10.9406641,440.0,2.175,1,tess2020078014623-s0023-0000000198206613-0177-s,27352226,23,58927.60470412037,58954.37549078704,120.0,PUBLIC
1741.01,198206613,PC,10.9406641,440.0,2.175,1,tess2019199201929-s0014-s0023-0000000198206613,62287189,23,58682.84652791666,58954.37549078704,120.0,PUBLIC
1741.01,198206613,PC,10.9406641,440.0,2.175,1,tess2020160202036-s0026-0000000198206613-0188-s,27678158,26,59009.7664766088,59034.634103032404,120.0,PUBLIC
1741.01,198206613,PC,10.9406641,440.0,2.175,1,tess2019199201929-s0014-s0026-0000000198206613,27742119,26,58682.84652791666,59034.63410304398,120.0,PUBLIC
1741.01,198206613,PC,10.9406641,440.0,2.175,1,tess2021175071901-s0040-0000000198206613-0211-s,62353373,40,59390.15216885417,59418.3530768287,120.0,PUBLIC
1741.01,198206613,PC,10.9406641,440.0,2.175,1,tess2021204101404-s0041-0000000198206613-0212-s,62797405,41,59419.487776458336,59446.07768875,120.0,PUBLIC
1741.01,198206613,PC,10.9406641,440.0,2.175,1,tess2019199201929-s0014-s0041-0000000198206613,64265980,41,58682.846527905094,59446.07768875,120.0,PUBLIC
1741.01,198206613,PC,10.9406641,440.0,2.175,1,tess2021364111932-s0047-0000000198206613-0218-s,71658134,47,59579.31318532408,59606.44002487269,120.0,PUBLIC
1741.01,198206613,PC,10.9406641,440.0,2.175,1,tess2024003055635-s0074-0000000198206613-0269-s,212267986,74,60312.362896087965,60339.06888460648,120.0,PUBLIC
1741.01,198206613,PC,10.9406641,440.0,2.175,1,tess2024030031500-s0075-0000000198206613-0270-s,212749979,75,60339.28417584491,60366.98310929398,120.0,PUBLIC
1741.01,198206613,PC,10.9406641,440.0,2.175,1,tess2024058030222-s0076-0000000198206613-0271-s,214428727,76,60367.198388715275,60394.27767625,120.0,PUBLIC
1741.01,198206613,PC,10.9406641,440.0,2.175,1,tess2024085201119-s0077-0000000198206613-0272-s,216499453,77,60394.98600988426,60423.04933592593,120.0,PUBLIC
1741.01,198206613,PC,10.9406641,440.0,2.175,1,tess2024142205832-s0079-0000000198206613-0274-s,222853487,79,60452.03788403935,60479.17355817129,120.0,PUBLIC
1741.01,198206613,PC,10.9406641,440.0,2.175,1,tess2024170053053-s0080-0000000198206613-0275-s,229369040,80,60479.38744929398,60505.83559833333,120.0,PUBLIC
1741.01,198206613,PC,10.9406641,440.0,2.175,1,tess2024196212429-s0081-0000000198206613-0276-s,229889026,81,60506.05087363426,60532.67546394676,120.0,PUBLIC
1741.01,198206613,PC,10.9406641,440.0,2.175,1,tess2019198215352-s0014-0000000198206613-0150-s,27431105,14,58682.85208336805,58709.70307390046,120.0,PUBLIC
1741.01,198206613,PC,10.9406641,440.0,2.175,1,tess2024223182411-s0082-0000000198206613-0278-s,232641629,82,60532.89073875,60558.74463730324,120.0,PUBLIC
1741.01,198206613,PC,10.9406641,440.0,2.175,1,tess2024249191853-s0083-0000000198206613-0280-s,233046351,83,60558.92519136574,60583.873713877314,120.0,PUBLIC
1741.01,198206613,PC,10.9406641,440.0,2.175,1,tess2024274222008-s0084-0000000198206613-0281-s,233388814,84,60584.08760315972,60609.8390940625,120.0,PUBLIC
1741.01,198206613,PC,10.9406641,440.0,2.175,1,tess2024300212641-s0085-0000000198206613-0282-s,233652514,85,60610.05298489583,60635.54353887731,120.0,PUBLIC
1741.01,198206613,PC,10.9406641,440.0,2.175,1,tess2024114025118-s0078-0000000198206613-0273-s,220237378,78,60433.7714508912,60451.822621354164,120.0,PUBLIC
1741.01,198206613,PC,10.9406641,440.0,2.175,1,tess2019199201929-s0014-s0078-0000000198206613,242088028,78,58682.846527905094,60451.81984362269,120.0,PUBLIC
1741.01,198206613,PC,10.9406641,440.0,2.175,1,tess2024326142117-s0086-0000000198206613-0283-s,236655475,86,60635.75882005787,60662.32590127315,120.0,PUBLIC
1741.01,198206613,PC,10.9406641,440.0,2.175,1,tess2019199201929-s0014-s0086-0000000198206613,262990293,86,58682.846527905094,60662.325901261574,120.0,PUBLIC
1741.01,198206613,PC,10.9406641,440.0,2.175,1,tess2022027120115-s0048-0000000198206613-0219-s,71761162,48,59607.433092453706,59635.48620795139,120.0,PUBLIC
1741.01,198206613,PC,10.9406641,440.0,2.175,1,tess2022057073128-s0049-0000000198206613-0221-s,82441172,49,59636.972327048614,59663.81550615741,120.0,PUBLIC
1741.01,198206613,PC,10.9406641,440.0,2.175,1,tess2019199201929-s0014-s0050-0000000198206613,87589346,50,58682.846527905094,59691.00985340278,120.0,PUBLIC
1741.01,198206613,PC,10.9406641,440.0,2.175,1,tess2022085151738-s0050-0000000198206613-0222-s,83237858,50,59664.771059907405,59691.00985340278,120.0,PUBLIC
1741.01,198206613,PC,10.9406641,440.0,2.175,1,tess2022112184951-s0051-0000000198206613-0223-s,87495626,51,59692.45428244213,59717.03457640046,120.0,PUBLIC
1741.01,198206613,PC,10.9406641,440.0,2.175,1,tess2022138205153-s0052-0000000198206613-0224-s,87642177,52,59718.13455314815,59742.575842708335,120.0,PUBLIC
1741.01,198206613,PC,10.9406641,440.0,2.175,1,tess2022164095748-s0053-0000000198206613-0226-s,87749754,53,59743.4952696412,59768.4781690625,120.0,PUBLIC
1741.01,198206613,PC,10.9406641,440.0,2.175,1,tess2022190063128-s0054-0000000198206613-0227-s,91549604,54,59769.39760182871,59795.627736296294,120.0,PUBLIC
1741.01,198206613,PC,10.9406641,440.0,2.175,1,tess2022217014003-s0055-0000000198206613-0242-s,93775767,55,59796.598551828705,59823.762132083335,120.0,PUBLIC
1741.01,198206613,PC,10.9406641,440.0,2.175,1,tess2019199201929-s0014-s0055-0000000198206613,96864227,55,58682.846527905094,59823.762132083335,120.0,PUBLIC
1741.01,198206613,PC,10.9406641,440.0,2.175,1,tess2022244194134-s0056-0000000198206613-0243-s,97934502,56,59824.75517541666,59852.637007523146,120.0,PUBLIC
1741.01,198206613,PC,10.9406641,440.0,2.175,1,tess2022273165103-s0057-0000000198206613-0245-s,101299983,57,59852.85228474537,59881.61351708334,120.0,PUBLIC
1741.01,198206613,PC,10.9406641,440.0,2.175,1,tess2022302161335-s0058-0000000198206613-0247-s,104649765,58,59881.82740730324,59909.547174328705,120.0,PUBLIC
1741.01,198206613,PC,10.9406641,440.0,2.175,1,tess2022330142927-s0059-0000000198206613-0248-s,113386568,59,59909.76245504629,59936.18649291667,120.0,PUBLIC
1741.01,198206613,PC,10.9406641,440.0,2.175,1,tess2019199201929-s0014-s0060-0000000198206613,117282877,60,58682.846527905094,59962.082765046296,120.0,PUBLIC
1741.01,198206613,PC,10.9406641,440.0,2.175,1,tess2022357055054-s0060-0000000198206613-0249-s,114200947,60,59936.40177388889,59962.082765046296,120.0,PUBLIC
1741.01,198206613,PC,10.9406641,440.0,2.175,1,tess2019226182529-s0015-0000000198206613-0151-s,27478784,15,58710.86278210648,58736.90837449074,120.0,PUBLIC
1741.01,198206613,PC,10.9406641,440.0,2.175,1,tess2019253231442-s0016-0000000198206613-0152-s,27520814,16,58738.15003326389,58762.81803997685,120.0,PUBLIC
1741.01,198206613,PC,10.9406641,440.0,2.175,1,tess2019279210107-s0017-0000000198206613-0161-s,27550531,17,58764.181938298614,58789.193192997685,120.0,PUBLIC
1741.01,198206613,PC,10.9406641,440.0,2.175,1,tess2019306063752-s0018-0000000198206613-0162-s,27591243,18,58790.15431215278,58814.51294296296,120.0,PUBLIC
1741.01,198206613,PC,10.9406641,440.0,2.175,1,tess2019331140908-s0019-0000000198206613-0164-s,27707102,19,58815.58240320602,58840.63558819445,120.0,PUBLIC
1741.01,198206613,PC,10.9406641,440.0,2.175,1,tess2019199201929-s0014-s0019-0000000198206613,27738558,19,58682.84655070602,58840.64811145834,120.0,PUBLIC
1741.01,198206613,PC,10.9406641,440.0,2.175,1,tess2019357164649-s0020-0000000198206613-0165-s,27228484,20,58842.00227809028,58868.3221684375,120.0,PUBLIC
1741.01,198206613,PC,10.9406641,440.0,2.175,1,tess2020020091053-s0021-0000000198206613-0167-s,27274793,21,58869.933303819445,58897.28089556713,120.0,PUBLIC
1741.01,198206613,PC,10.9406641,440.0,2.175,1,tess2020049080258-s0022-0000000198206613-0174-s,27317310,22,58898.817021076386,58925.993590659724,120.0,PUBLIC
105.01,144065872,KP,2.1846669,11535.5475157,2.6989102,1,tess2020212050318-s0028-0000000144065872-0190-s,27819656,28,59061.35413138,59086.60127793,120.0,PUBLIC
105.01,144065872,KP,2.1846669,11535.5475157,2.6989102,1,tess2020212050318-s0028-0000000144065872-0190-a_fast,27822966,28,59061.35413138,59086.6015094,20.0,PUBLIC
105.01,144065872,KP,2.1846669,11535.5475157,2.6989102,1,tess2018206045859-s0001-0000000144065872-0120-s,60841806,1,58324.79740753472,58352.68084094908,120.0,PUBLIC
105.01,144065872,KP,2.1846669,11535.5475157,2.6989102,1,tess2018206190142-s0001-s0036-0000000144065872,61537514,36,58324.79740753472,59086.60127792824,120.0,PUBLIC
105.01,144065872,KP,2.1846669,11535.5475157,2.6989102,1,tess2025206162959-s0095-0000000144065872-0292-s,337173103,95,60882.05138769676,60907.04595525463,120.0,PUBLIC
105.01,144065872,KP,2.1846669,11535.5475157,2.6989102,1,tess2026086090000-s0102-0000000144065872-0304-s,395679091,102,61126.857402800924,61151.20767394676,120.0,PUBLIC
105.01,144065872,KP,2.1846669,11535.5475157,2.6989102,1,tess2026086090000-s0102-0000000144065872-0304-a_fast,395679092,102,61126.84258712963,61151.30374538194,20.0,PUBLIC
105.01,144065872,KP,2.1846669,11535.5475157,2.6989102,1,tess2018206190142-s0001-s0096-0000000144065872,403485683,96,58324.79740752315,60907.06123280092,120.0,PUBLIC
105.01,144065872,KP,2.1846669,11535.5475157,2.6989102,1,tess2026164183000-s0105-0000000144065872-0307-s,449890877,105,61205.61459696759,61232.5591034838,120.0,PUBLIC
105.01,144065872,KP,2.1846669,11535.5475157,2.6989102,1,tess2026164183000-s0105-0000000144065872-0307-a_fast,449890878,105,61205.61181900463,61232.65609755787,20.0,PUBLIC
105.01,144065872,KP,2.1846669,11535.5475157,2.6989102,1,tess2026192185000-s0106-0000000144065872-0308-a_fast,453647410,106,61232.93409898148,61261.37961988426,20.0,PUBLIC
105.01,144065872,KP,2.1846669,11535.5475157,2.6989102,1,tess2026192185000-s0106-0000000144065872-0308-s,453647411,106,61232.93409898148,61261.3791569213,120.0,PUBLIC
523.01,93125144,FA,9.91102,6044.13412,2.981681,0,tess2020324010417-s0032-0000000093125144-0200-s,28144341,32,59173.73103315,59199.72304854,120.0,PUBLIC
523.01,93125144,FA,9.91102,6044.13412,2.981681,0,tess2020351194500-s0033-0000000093125144-0203-s,28211328,33,59201.23554566,59227.07527568,120.0,PUBLIC
523.01,93125144,FA,9.91102,6044.13412,2.981681,0,tess2018349182500-s0006-0000000093125144-0126-s,62249177,6,58467.773388981484,58489.54805443287,120.0,PUBLIC
523.01,93125144,FA,9.91102,6044.13412,2.981681,0,tess2018206190142-s0001-s0036-0000000093125144,61532001,36,58467.773388981484,59227.07527568287,120.0,PUBLIC
555.01,170849515,CP,1.9416366,32945.1347849,1.9321358,1,tess2020294194027-s0031-0000000170849515-0198-s,28075220,31,59144.01619591,59169.44722442,120.0,PUBLIC
555.01,170849515,CP,1.9416366,32945.1347849,1.9321358,1,tess2020324010417-s0032-0000000170849515-0200-s,28141706,32,59173.73057691,59199.72470757,120.0,PUBLIC
555.01,170849515,CP,1.9416366,32945.1347849,1.9321358,1,tess2018319095959-s0005-0000000170849515-0125-s,61547802,5,58437.49060596065,58463.55156324074,120.0,PUBLIC
555.01,170849515,CP,1.9416366,32945.1347849,1.9321358,1,tess2018206190142-s0001-s0036-0000000170849515,61532273,36,58437.479494722225,59199.734429525466,120.0,PUBLIC
555.01,170849515,CP,1.9416366,32945.1347849,1.9321358,1,tess2025312202959-s0098-0000000170849515-0298-a_fast,378113698,98,60988.00276548611,61045.401443159724,20.0,PUBLIC
555.01,170849515,CP,1.9416366,32945.1347849,1.9321358,1,tess2025312202959-s0098-0000000170849515-0298-s,378113699,98,60988.00276548611,61045.40051726852,120.0,PUBLIC
555.01,170849515,CP,1.9416366,32945.1347849,1.9321358,1,tess2026192185000-s0106-0000000170849515-0308-s,453649402,106,61232.92762851852,61261.37349789352,120.0,PUBLIC
555.01,170849515,CP,1.9416366,32945.1347849,1.9321358,1,tess2026192185000-s0106-0000000170849515-0308-a_fast,453649403,106,61232.92762851852,61261.37396087963,20.0,PUBLIC
2279.01,115623434,PC,3.1434463,803.0,1.501,1,tess2020106103520-s0024-0000000115623434-0180-s,27390998,24,58955.29577293,58981.78227314,120.0,PUBLIC
2279.01,115623434,PC,3.1434463,803.0,1.501,1,tess2020133194932-s0025-0000000115623434-0182-s,27637751,25,58983.13366806,59008.80722016,120.0,PUBLIC
2279.01,115623434,PC,3.1434463,803.0,1.501,1,tess2020160202036-s0026-0000000115623434-0188-s,27666316,26,59009.76831703704,59034.635923043985,120.0,PUBLIC
2279.01,115623434,PC,3.1434463,803.0,1.501,1,tess2019199201929-s0014-s0026-0000000115623434,27741147,26,58955.29021726852,59034.635923043985,120.0,PUBLIC
2279.01,115623434,PC,3.1434463,803.0,1.501,1,tess2019199201929-s0014-s0055-0000000115623434,96862455,55,58955.29021728009,59768.47719277778,120.0,PUBLIC
2279.01,115623434,PC,3.1434463,803.0,1.501,1,tess2024142205832-s0079-0000000115623434-0274-s,222842670,79,60452.039550497684,60479.17544813657,120.0,PUBLIC
2279.01,115623434,PC,3.1434463,803.0,1.501,1,tess2019199201929-s0014-s0078-0000000115623434,242086919,78,58955.29021728009,60451.818717002316,120.0,PUBLIC
2279.01,115623434,PC,3.1434463,803.0,1.501,1,tess2024114025118-s0078-0000000115623434-0273-s,220233284,78,60433.77275359954,60451.82427256944,120.0,PUBLIC
2279.01,115623434,PC,3.1434463,803.0,1.501,1,tess2019199201929-s0014-s0086-0000000115623434,262988844,86,58955.29021728009,60479.172670405096,120.0,PUBLIC
2279.01,115623434,PC,3.1434463,803.0,1.501,1,tess2022112184951-s0051-0000000115623434-0223-s,87492703,51,59692.45808322917,59717.03614099537,120.0,PUBLIC
2279.01,115623434,PC,3.1434463,803.0,1.501,1,tess2022138205153-s0052-0000000115623434-0224-s,87639794,52,59718.136155231485,59742.57770420139,120.0,PUBLIC
2279.01,115623434,PC,3.1434463,803.0,1.501,1,tess2022164095748-s0053-0000000115623434-0226-s,87745603,53,59743.49713657407,59768.479970486114,120.0,PUBLIC
7705.01,70514245,PC,4.0477821,20129.9319902,2.0598956,1,tess2025258001959-s0097-0000000070514245-0294-s,365498673,97,60933.1630871875,60987.78770356481,120.0,PUBLIC
7705.01,70514245,PC,4.0477821,20129.9319902,2.0598956,1,tess2026164183000-s0105-0000000070514245-0307-s,449886947,105,61204.91867357639,61232.559437523145,120.0,PUBLIC
7705.01,70514245,PC,4.0477821,20129.9319902,2.0598956,1,tess2026192185000-s0106-0000000070514245-0308-s,453643590,106,61232.93028836806,61261.37658416667,120.0,PUBLIC
5720.01,230055368,CP,1.4344602,1028.2187852,0.9348877,1,tess2019199201929-s0014-s0050-0000000230055368,87589899,50,58898.80486287037,59663.819494097224,120.0,PUBLIC
5720.01,230055368,CP,1.4344602,1028.2187852,0.9348877,1,tess2022057073128-s0049-0000000230055368-0221-s,82444140,49,59636.97686440972,59663.819494097224,120.0,PUBLIC
5720.01,230055368,CP,1.4344602,1028.2187852,0.9348877,1,tess2020049080258-s0022-0000000230055368-0174-s,27325626,22,58898.827085462966,58925.99781458333,120.0,PUBLIC
2741.01,283303192,PC,2.9884191,12890.0,3.575,1,tess2024353092137-s0087-0000000283303192-0284-s,238537248,87,60662.5573828125,60688.92425341435,120.0,PUBLIC
5272.01,278668358,PC,5.0135727,3520.0,4.396,1,tess2024030031500-s0075-0000000278668358-0270-s,212753618,75,60339.28131082176,60366.97963537037,120.0,PUBLIC
5272.01,278668358,PC,5.0135727,3520.0,4.396,1,tess2024058030222-s0076-0000000278668358-0271-s,214431927,76,60367.194913900465,60394.27437355324,120.0,PUBLIC
5272.01,278668358,PC,5.0135727,3520.0,4.396,1,tess2024223182411-s0082-0000000278668358-0278-s,232645831,82,60532.8939052662,60558.74814130787,120.0,PUBLIC
5272.01,278668358,PC,5.0135727,3520.0,4.396,1,tess2024249191853-s0083-0000000278668358-0280-s,233051352,83,60558.92869555556,60583.87690212963,120.0,PUBLIC
5272.01,278668358,PC,5.0135727,3520.0,4.396,1,tess2019199201929-s0014-s0078-0000000278668358,242089824,78,59824.75310782407,60394.268817881944,120.0,PUBLIC
5272.01,278668358,PC,5.0135727,3520.0,4.396,1,tess2019199201929-s0014-s0086-0000000278668358,262993443,86,59824.75310782407,60583.87134670139,120.0,PUBLIC
5272.01,278668358,PC,5.0135727,3520.0,4.396,1,tess2022244194134-s0056-0000000278668358-0243-s,97938712,56,59824.75866334491,59852.64020064815,120.0,PUBLIC
3504.01,117689799,FP,2.1570462,17928.3672773,2.3436622,0,tess2022190063128-s0054-0000000117689799-0227-s,91545433,54,59769.40165155093,59795.63252600694,120.0,PUBLIC
3504.01,117689799,FP,2.1570462,17928.3672773,2.3436622,0,tess2019199201929-s0014-s0055-0000000117689799,96862488,55,59769.396095833334,59823.76391337963,120.0,PUBLIC
3504.01,117689799,FP,2.1570462,17928.3672773,2.3436622,0,tess2022217014003-s0055-0000000117689799-0242-s,93771035,55,59796.6033575,59823.76669107639,120.0,PUBLIC
4817.01,60074373,FP,3.190373,42550.0,2.684,0,tess2025014115807-s0088-0000000060074373-0285-s,245360610,88,60689.65340613426,60717.425600752314,120.0,PUBLIC
817.01,30312676,FP,1.10223,1015.0,2.598,0,tess2020186164531-s0027-0000000030312676-0189-s,27797938,27,59035.77747584,59060.14157109,120.0,PUBLIC
817.01,30312676,FP,1.10223,1015.0,2.598,0,tess2020186164531-s0027-0000000030312676-0189-a_fast,27811110,27,59035.77747584,59060.14249701,20.0,PUBLIC
817.01,30312676,FP,1.10223,1015.0,2.598,0,tess2020212050318-s0028-0000000030312676-0190-s,27818539,28,59061.34991464,59086.59727093,120.0,PUBLIC
817.01,30312676,FP,1.10223,1015.0,2.598,0,tess2020212050318-s0028-0000000030312676-0190-a_fast,27822831,28,59061.34991464,59086.59750241,20.0,PUBLIC
817.01,30312676,FP,1.10223,1015.0,2.598,0,tess2020238165205-s0029-0000000030312676-0193-s,27899970,29,59087.73894304,59113.93340888,120.0,PUBLIC
817.01,30312676,FP,1.10223,1015.0,2.598,0,tess2020266004630-s0030-0000000030312676-0195-s,27974378,30,59115.38479723,59142.72217954,120.0,PUBLIC
817.01,30312676,FP,1.10223,1015.0,2.598,0,tess2020294194027-s0031-0000000030312676-0198-s,28072996,31,59144.01384038,59169.4441805,120.0,PUBLIC
817.01,30312676,FP,1.10223,1015.0,2.598,0,tess2020324010417-s0032-0000000030312676-0200-s,28134928,32,59173.72747207,59199.7244012,120.0,PUBLIC
817.01,30312676,FP,1.10223,1015.0,2.598,0,tess2020351194500-s0033-0000000030312676-0203-s,28218731,33,59201.23133196,59227.07132286,120.0,PUBLIC
817.01,30312676,FP,1.10223,1015.0,2.598,0,tess2021039152502-s0035-0000000030312676-0205-s,60677798,35,59254.48775652778,59279.47792096065,120.0,PUBLIC
817.01,30312676,FP,1.10223,1015.0,2.598,0,tess2018206045859-s0001-0000000030312676-0120-s,60833035,1,58324.79323762732,58352.67674243056,120.0,PUBLIC
817.01,30312676,FP,1.10223,1015.0,2.598,0,tess2018292075959-s0004-0000000030312676-0124-s,61069404,4,58410.400287847224,58436.33897020834,120.0,PUBLIC
817.01,30312676,FP,1.10223,1015.0,2.598,0,tess2021091135823-s0037-0000000030312676-0208-s,61143597,37,59306.75571087963,59332.078054212965,120.0,PUBLIC
817.01,30312676,FP,1.10223,1015.0,2.598,0,tess2018319095959-s0005-0000000030312676-0125-s,61553154,5,58437.48895612269,58463.77617398148,120.0,PUBLIC
817.01,30312676,FP,1.10223,1015.0,2.598,0,tess2021118034608-s0038-0000000030312676-0209-s,61579049,38,59333.35306608796,59360.0505103125,120.0,PUBLIC
817.01,30312676,FP,1.10223,1015.0,2.598,0,tess2018206190142-s0001-s0036-0000000030312676,61537871,36,58324.79323762732,59305.4876487037,120.0,PUBLIC
817.01,30312676,FP,1.10223,1015.0,2.598,0,tess2021065132309-s0036-0000000030312676-0207-s,60752358,36,59280.401531724536,59305.4876487037,120.0,PUBLIC
817.01,30312676,FP,1.10223,1015.0,2.598,0,tess2019006130736-s0007-0000000030312676-0131-s,62320051,7,58491.138367997686,58515.585364212966,120.0,PUBLIC
817.01,30312676,FP,1.10223,1015.0,2.598,0,tess2021146024351-s0039-0000000030312676-0210-s,62014473,39,59361.269969560184,59389.21746954861,120.0,PUBLIC
817.01,30312676,FP,1.10223,1015.0,2.598,0,tess2018206190142-s0001-s0039-0000000030312676,62340302,39,58324.79323762732,59389.21746954861,120.0,PUBLIC
817.01,30312676,FP,1.10223,1015.0,2.598,0,tess2019032160000-s0008-0000000030312676-0136-s,62450084,8,58516.861740266206,58541.499102002315,120.0,PUBLIC
817.01,30312676,FP,1.10223,1015.0,2.598,0,tess2018206190142-s0001-s0006-0000000030312676,62469431,6,58324.793260300925,58489.543987916666,120.0,PUBLIC
817.01,30312676,FP,1.10223,1015.0,2.598,0,tess2018349182500-s0006-0000000030312676-0126-s,62245197,6,58467.769187638885,58489.543943275465,120.0,PUBLIC
817.01,30312676,FP,1.10223,1015.0,2.598,0,tess2018206190142-s0001-s0009-0000000030312676,63393637,9,58324.793260300925,58541.49912502315,120.0,PUBLIC
817.01,30312676,FP,1.10223,1015.0,2.598,0,tess2021014023720-s0034-0000000030312676-0204-s,28289109,34,59228.26575731482,59253.56415019676,120.0,PUBLIC
817.01,30312676,FP,1.10223,1015.0,2.598,0,tess2019085135100-s0010-0000000030312676-0140-s,64300981,10,58568.9351827662,58595.17972891204,120.0,PUBLIC
817.01,30312676,FP,1.10223,1015.0,2.598,0,tess2019112060037-s0011-0000000030312676-0143-s,65133458,11,58596.27556711806,58623.391058368055,120.0,PUBLIC
817.01,30312676,FP,1.10223,1015.0,2.598,0,tess2019140104343-s0012-0000000030312676-0144-s,65174101,12,58624.46606601852,58652.39134556713,120.0,PUBLIC
817.01,30312676,FP,1.10223,1015.0,2.598,0,tess2018263035959-s0003-0000000030312676-0123-s,60921262,3,58381.53372960648,58408.88363304398,120.0,PUBLIC
817.01,30312676,FP,1.10223,1015.0,2.598,0,tess2018206190142-s0001-s0003-0000000030312676,65195328,3,58324.793260300925,58405.71424278935,120.0,PUBLIC
817.01,30312676,FP,1.10223,1015.0,2.598,0,tess2019169103026-s0013-0000000030312676-0146-s,65453892,13,58653.419130856484,58681.856906099536,120.0,PUBLIC
817.01,30312676,FP,1.10223,1015.0,2.598,0,tess2018206190142-s0001-s0013-0000000030312676,65485097,13,58324.793260300925,58681.85692912037,120.0,PUBLIC
817.01,30312676,FP,1.10223,1015.0,2.598,0,tess2023096110322-s0064-0000000030312676-0257-s,139085868,64,60040.61232925926,60067.53053231481,120.0,PUBLIC
817.01,30312676,FP,1.10223,1015.0,2.598,0,tess2023181235917-s0067-0000000030312676-0261-s,170992741,67,60126.1408112037,60153.8952225,120.0,PUBLIC
817.01,30312676,FP,1.10223,1015.0,2.598,0,tess2023153011303-s0066-0000000030312676-0260-s,173748839,66,60097.17246327546,60125.92691918981,120.0,PUBLIC
817.01,30312676,FP,1.10223,1015.0,2.598,0,tess2023209231226-s0068-0000000030312676-0262-s,176742653,68,60154.117447233795,60181.627325416666,120.0,PUBLIC
817.01,30312676,FP,1.10223,1015.0,2.598,0,tess2018206190142-s0001-s0069-0000000030312676,198771635,69,58324.79323762732,60181.632881006946,120.0,PUBLIC
817.01,30312676,FP,1.10223,1015.0,2.598,0,tess2025014115807-s0088-0000000030312676-0285-s,245359119,88,60689.65073734954,60717.422728969905,120.0,PUBLIC
817.01,30312676,FP,1.10223,1015.0,2.598,0,tess2025042113628-s0089-0000000030312676-0286-s,252306884,89,60717.636616261574,60746.443451493054,120.0,PUBLIC
817.01,30312676,FP,1.10223,1015.0,2.598,0,tess2025071122000-s0090-0000000030312676-0287-s,262855995,90,60746.65734045139,60774.575437997686,120.0,PUBLIC
817.01,30312676,FP,1.10223,1015.0,2.598,0,tess2023018032328-s0061-0000000030312676-0250-s,117949052,61,59962.297332939816,59987.716571412035,120.0,PUBLIC
817.01,30312676,FP,1.10223,1015.0,2.598,0,tess2023043185947-s0062-0000000030312676-0254-s,124141284,62,59987.93879328704,60013.651191550925,120.0,PUBLIC
817.01,30312676,FP,1.10223,1015.0,2.598,0,tess2023124020739-s0065-0000000030312676-0259-s,151519931,65,60068.2374830787,60096.12800693287,120.0,PUBLIC
817.01,30312676,FP,1.10223,1015.0,2.598,0,tess2018206190142-s0001-s0065-0000000030312676,160334915,65,58324.79323762732,60096.12522912037,120.0,PUBLIC
817.01,30312676,FP,1.10223,1015.0,2.598,0,tess2025154050500-s0093-0000000030312676-0290-s,300575242,93,60829.37029853009,60855.54834158565,120.0,PUBLIC
817.01,30312676,FP,1.10223,1015.0,2.598,0,tess2025180145000-s0094-0000000030312676-0291-s,302071971,94,60855.76362109954,60881.61802140046,120.0,PUBLIC
817.01,30312676,FP,1.10223,1015.0,2.598,0,tess2018234235059-s0002-0000000030312676-0121-s,60866731,2,58353.60730030092,58381.014286666665,120.0,PUBLIC
817.01,30312676,FP,1.10223,1015.0,2.598,0,tess2018206190142-s0001-s0002-0000000030312676,303219953,2,58324.793260300925,58381.01431381945,120.0,PUBLIC
817.01,30312676,FP,1.10223,1015.0,2.598,0,tess2025206162959-s0095-0000000030312676-0292-s,337127896,95,60881.84857857639,60907.041791574076,120.0,PUBLIC
817.01,30312676,FP,1.10223,1015.0,2.598,0,tess2025258001959-s0097-0000000030312676-0294-s,365497390,97,60933.1599022338,60987.784629050926,120.0,PUBLIC
817.01,30312676,FP,1.10223,1015.0,2.598,0,tess2025312202959-s0098-0000000030312676-0298-s,378109701,98,60987.999904351855,61045.3978915625,120.0,PUBLIC
817.01,30312676,FP,1.10223,1015.0,2.598,0,tess2018206190142-s0001-s0096-0000000030312676,403455948,96,58324.79323762732,60932.93906928241,120.0,PUBLIC
817.01,30312676,FP,1.10223,1015.0,2.598,0,tess2025232030459-s0096-0000000030312676-0293-s,354001497,96,60907.27373648148,60932.932124872685,120.0,PUBLIC
4048.01,279605855,FP,1.972401,7460.0,2.435,0,tess2024085201119-s0077-0000000279605855-0272-s,216503017,77,60394.98299773148,60423.04588628472,120.0,PUBLIC
4048.01,279605855,FP,1.972401,7460.0,2.435,0,tess2024114025118-s0078-0000000279605855-0273-s,220250953,78,60433.76804541667,60451.819518958335,120.0,PUBLIC
4048.01,279605855,FP,1.972401,7460.0,2.435,0,tess2022138205153-s0052-0000000279605855-0224-s,87648996,52,59718.131395219905,59742.57348491898,120.0,PUBLIC
6580.01,170627138,PC,10.9600975,4111.0,6.171,1,tess2025071122000-s0090-0000000170627138-0287-s,262860952,90,60746.66254387731,60774.5811790625,120.0,PUBLIC
2946.01,302798365,PC,4.9186433,19840.0,1.849,1,tess2023096110322-s0064-0000000302798365-0257-s,139098215,64,60040.6144903588,60067.53262496528,120.0,PUBLIC
2946.01,302798365,PC,4.9186433,19840.0,1.849,1,tess2025071122000-s0090-0000000302798365-0287-s,262864374,90,60746.659168067126,60774.577611597226,120.0,PUBLIC
2946.01,302798365,PC,4.9186433,19840.0,1.849,1,tess2023069172124-s0063-0000000302798365-0255-s,127094649,63,60013.868251921296,60040.40059880787,120.0,PUBLIC
2946.01,302798365,PC,4.9186433,19840.0,1.849,1,tess2023124020739-s0065-0000000302798365-0259-s,151533647,65,60068.23956761574,60096.129559594905,120.0,PUBLIC
2946.01,302798365,PC,4.9186433,19840.0,1.849,1,tess2018206190142-s0001-s0065-0000000302798365,160352397,65,60013.86269625,60096.12678186342,120.0,PUBLIC
2946.01,302798365,PC,4.9186433,19840.0,1.849,1,tess2018206190142-s0001-s0096-0000000302798365,403536531,96,60013.86269625,60774.57205599537,120.0,PUBLIC
1712.01,67926921,FP,3.566276,3870.0,4.197,0,tess2021364111932-s0047-0000000067926921-0218-s,71652360,47,59579.3193977662,59606.44463118056,120.0,PUBLIC
390.01,250386181,FP,1.470258,2700.0,1.126,0,tess2020266004630-s0030-0000000250386181-0195-s,27975078,30,59115.38916811,59141.99104178,120.0,PUBLIC
390.01,250386181,FP,1.470258,2700.0,1.126,0,tess2018292075959-s0004-0000000250386181-0124-s,61068455,4,58410.40528890046,58436.338034189816,120.0,PUBLIC
390.01,250386181,FP,1.470258,2700.0,1.126,0,tess2018206190142-s0001-s0036-0000000250386181,61535621,36,58410.40528890046,59142.727151203704,120.0,PUBLIC
1304.01,186000935,FP,8.8735214,1949.0,4.059,0,tess2021204101404-s0041-0000000186000935-0212-s,62797079,41,59419.49073034722,59446.08121885417,120.0,PUBLIC
1304.01,186000935,FP,8.8735214,1949.0,4.059,0,tess2019199201929-s0014-s0055-0000000186000935,96863971,55,59419.48517471065,59795.63098630787,120.0,PUBLIC
1304.01,186000935,FP,8.8735214,1949.0,4.059,0,tess2022190063128-s0054-0000000186000935-0227-s,91549333,54,59769.39992202546,59795.63098630787,120.0,PUBLIC
2960.01,462072242,PC,2.0916623,5500.0,3.274,1,tess2025071122000-s0090-0000000462072242-0287-s,262869487,90,60746.66083457176,60774.57891258102,120.0,PUBLIC
2960.01,462072242,PC,2.0916623,5500.0,3.274,1,tess2023069172124-s0063-0000000462072242-0255-s,127100318,63,60013.869939097225,60040.401975023145,120.0,PUBLIC
2960.01,462072242,PC,2.0916623,5500.0,3.274,1,tess2026005125623-s0099-0000000462072242-0300-s,378421845,99,61045.61382431713,61073.27901133102,120.0,PUBLIC
2960.01,462072242,PC,2.0916623,5500.0,3.274,1,tess2018206190142-s0001-s0096-0000000462072242,403578512,96,60013.86438344907,60774.57335708333,120.0,PUBLIC
1048.01,384549882,FP,0.30412,1330.0,0.748,0,tess2021039152502-s0035-0000000384549882-0205-s,60674485,35,59254.60832233796,59279.48092967593,120.0,PUBLIC
1048.01,384549882,FP,0.30412,1330.0,0.748,0,tess2021039152502-s0035-0000000384549882-0205-a_fast,60676815,35,59254.60693342592,59279.48139263889,20.0,PUBLIC
1048.01,384549882,FP,0.30412,1330.0,0.748,0,tess2021065132309-s0036-0000000384549882-0207-s,60754311,36,59280.404543993056,59305.49058333333,120.0,PUBLIC
1048.01,384549882,FP,0.30412,1330.0,0.748,0,tess2018206190142-s0001-s0036-0000000384549882,61531841,36,59254.4847083912,59305.49058333333,120.0,PUBLIC
1048.01,384549882,FP,0.30412,1330.0,0.748,0,tess2021065132309-s0036-0000000384549882-0207-a_fast,60750869,36,59280.404543993056,59305.491740729165,20.0,PUBLIC
6907.01,198185513,PC,3.3795099,18575.2343451,2.7055281,1,tess2023341045131-s0073-0000000198185513-0268-s,206177213,73,60285.297196921296,60312.149063958335,120.0,PUBLIC
6907.01,198185513,PC,3.3795099,18575.2343451,2.7055281,1,tess2024003055635-s0074-0000000198185513-0269-s,212267972,74,60312.362950601855,60339.068952361114,120.0,PUBLIC
6907.01,198185513,PC,3.3795099,18575.2343451,2.7055281,1,tess2024030031500-s0075-0000000198185513-0270-s,212749967,75,60339.28424363426,60366.983175208334,120.0,PUBLIC
6907.01,198185513,PC,3.3795099,18575.2343451,2.7055281,1,tess2024058030222-s0076-0000000198185513-0271-s,214428717,76,60367.198454537036,60394.27772561343,120.0,PUBLIC
6907.01,198185513,PC,3.3795099,18575.2343451,2.7055281,1,tess2024085201119-s0077-0000000198185513-0272-s,216499441,77,60394.98605861111,60423.04935628472,120.0,PUBLIC
6907.01,198185513,PC,3.3795099,18575.2343451,2.7055281,1,tess2024142205832-s0079-0000000198185513-0274-s,222853396,79,60452.03787034722,60479.17351545139,120.0,PUBLIC
6907.01,198185513,PC,3.3795099,18575.2343451,2.7055281,1,tess2024170053053-s0080-0000000198185513-0275-s,229369027,80,60479.38740636574,60505.83553560185,120.0,PUBLIC
6907.01,198185513,PC,3.3795099,18575.2343451,2.7055281,1,tess2024196212429-s0081-0000000198185513-0276-s,229889013,81,60506.050810775465,60532.675393564816,120.0,PUBLIC
6907.01,198185513,PC,3.3795099,18575.2343451,2.7055281,1,tess2024223182411-s0082-0000000198185513-0278-s,232641617,82,60532.89066834491,60558.744573125,120.0,PUBLIC
6907.01,198185513,PC,3.3795099,18575.2343451,2.7055281,1,tess2024249191853-s0083-0000000198185513-0280-s,233046334,83,60558.92512726852,60583.8736675,120.0,PUBLIC
6907.01,198185513,PC,3.3795099,18575.2343451,2.7055281,1,tess2024274222008-s0084-0000000198185513-0281-s,233388760,84,60584.08755696759,60609.83907495371,120.0,PUBLIC
6907.01,198185513,PC,3.3795099,18575.2343451,2.7055281,1,tess2024300212641-s0085-0000000198185513-0282-s,233652465,85,60610.05296601852,60635.54355054398,120.0,PUBLIC
6907.01,198185513,PC,3.3795099,18575.2343451,2.7055281,1,tess2019199201929-s0014-s0078-0000000198185513,242088020,78,60285.29164128472,60451.82121905093,120.0,PUBLIC
6907.01,198185513,PC,3.3795099,18575.2343451,2.7055281,1,tess2024114025118-s0078-0000000198185513-0273-s,220237327,78,60433.77145880787,60451.82260791666,120.0,PUBLIC
6907.01,198185513,PC,3.3795099,18575.2343451,2.7055281,1,tess2024326142117-s0086-0000000198185513-0283-s,236655428,86,60635.75883197917,60662.32594246528,120.0,PUBLIC
6907.01,198185513,PC,3.3795099,18575.2343451,2.7055281,1,tess2019199201929-s0014-s0086-0000000198185513,262990275,86,60285.29164128472,60662.32038680556,120.0,PUBLIC
6436.01,290415036,PC,6.1879019,9168.0,2.432,1,tess2025014115807-s0088-0000000290415036-0285-s,245370750,88,60689.66044856481,60716.71888777778,120.0,PUBLIC
1542.01,367607434,FA,8.2916,470.0,3.361,0,tess2024274222008-s0084-0000000367607434-0281-s,233397554,84,60584.092579780096,60609.84371673611,120.0,PUBLIC
1542.01,367607434,FA,8.2916,470.0,3.361,0,tess2019253231442-s0016-0000000367607434-0152-s,27507883,16,58738.15465384259,58762.823041296295,120.0,PUBLIC
1542.01,367607434,FA,8.2916,470.0,3.361,0,tess2019279210107-s0017-0000000367607434-0161-s,27559846,17,58764.1869540162,58789.19625119213,120.0,PUBLIC
1947.01,460140752,FP,12.0077462,2921.0,2.818,0,tess2021065132309-s0036-0000000460140752-0207-s,60769437,36,59280.404450636575,59305.49100563658,120.0,PUBLIC
1947.01,460140752,FP,12.0077462,2921.0,2.818,0,tess2021091135823-s0037-0000000460140752-0208-s,61145108,37,59306.753512951385,59332.08120263889,120.0,PUBLIC
1947.01,460140752,FP,12.0077462,2921.0,2.818,0,tess2018206190142-s0001-s0039-0000000460140752,62344660,39,59280.39889494213,59332.08120263889,120.0,PUBLIC
999.01,341186896,FP,1.5078959,1839.0,2.759,0,tess2020186164531-s0027-0000000341186896-0189-s,27807055,27,59035.77643206,59060.13569019,120.0,PUBLIC
999.01,341186896,FP,1.5078959,1839.0,2.759,0,tess2021039152502-s0035-0000000341186896-0205-s,60670195,35,59254.49526797454,59279.48008458333,120.0,PUBLIC
999.01,341186896,FP,1.5078959,1839.0,2.759,0,tess2021091135823-s0037-0000000341186896-0208-s,61147880,37,59306.756255162036,59332.07940106482,120.0,PUBLIC
999.01,341186896,FP,1.5078959,1839.0,2.759,0,tess2021065132309-s0036-0000000341186896-0207-s,60765830,36,59280.40369207176,59305.48960040509,120.0,PUBLIC
999.01,341186896,FP,1.5078959,1839.0,2.759,0,tess2018206190142-s0001-s0036-0000000341186896,61535571,36,59035.77087662037,59305.48960040509,120.0,PUBLIC
999.01,341186896,FP,1.5078959,1839.0,2.759,0,tess2018206190142-s0001-s0039-0000000341186896,62343134,39,59035.77087662037,59332.07940106482,120.0,PUBLIC
999.01,341186896,FP,1.5078959,1839.0,2.759,0,tess2021014023720-s0034-0000000341186896-0204-s,28302854,34,59228.26571438657,59253.566093622685,120.0,PUBLIC
1226.01,177115354,PC,3.9287851,485.9762569,1.8165271,1,tess2020186164531-s0027-0000000177115354-0189-s,27801826,27,59035.77752909,59060.14116372,120.0,PUBLIC
1226.01,177115354,PC,3.9287851,485.9762569,1.8165271,1,tess2020186164531-s0027-0000000177115354-0189-a_fast,27811298,27,59035.77752909,59060.14208963,20.0,PUBLIC
1226.01,177115354,PC,3.9287851,485.9762569,1.8165271,1,tess2020212050318-s0028-0000000177115354-0190-s,27819949,28,59061.349484,59086.59644122,120.0,PUBLIC
1226.01,177115354,PC,3.9287851,485.9762569,1.8165271,1,tess2020212050318-s0028-0000000177115354-0190-a_fast,27823054,28,59061.349484,59086.5966727,20.0,PUBLIC
1226.01,177115354,PC,3.9287851,485.9762569,1.8165271,1,tess2020238165205-s0029-0000000177115354-0193-s,27906591,29,59087.73809666,59113.91981689,120.0,PUBLIC
1226.01,177115354,PC,3.9287851,485.9762569,1.8165271,1,tess2020238165205-s0029-0000000177115354-0193-a_fast,27973205,29,59087.73809666,59113.9332427,20.0,PUBLIC
1226.01,177115354,PC,3.9287851,485.9762569,1.8165271,1,tess2020266004630-s0030-0000000177115354-0195-a_fast,27974995,30,59115.38369532,59142.72129753,20.0,PUBLIC
1226.01,177115354,PC,3.9287851,485.9762569,1.8165271,1,tess2020266004630-s0030-0000000177115354-0195-s,27993660,30,59115.38369532,59142.70717721,120.0,PUBLIC
1226.01,177115354,PC,3.9287851,485.9762569,1.8165271,1,tess2020324010417-s0032-0000000177115354-0200-a_fast,28133256,32,59173.71598911,59199.73186595,20.0,PUBLIC
1226.01,177115354,PC,3.9287851,485.9762569,1.8165271,1,tess2020324010417-s0032-0000000177115354-0200-s,28143124,32,59173.7266373,59199.71843994,120.0,PUBLIC
1226.01,177115354,PC,3.9287851,485.9762569,1.8165271,1,tess2020351194500-s0033-0000000177115354-0203-a_fast,28214474,33,59201.23095237,59227.07238132,20.0,PUBLIC
1226.01,177115354,PC,3.9287851,485.9762569,1.8165271,1,tess2020351194500-s0033-0000000177115354-0203-s,28229574,33,59201.23095237,59227.07145539,120.0,PUBLIC
1226.01,177115354,PC,3.9287851,485.9762569,1.8165271,1,tess2021039152502-s0035-0000000177115354-0205-a_fast,60666776,35,59254.488398217596,59279.47936914352,20.0,PUBLIC
1226.01,177115354,PC,3.9287851,485.9762569,1.8165271,1,tess2021039152502-s0035-0000000177115354-0205-s,60668047,35,59254.49395384259,59279.47890618056,120.0,PUBLIC
1226.01,177115354,PC,3.9287851,485.9762569,1.8165271,1,tess2021091135823-s0037-0000000177115354-0208-a_fast,61140598,37,59306.75130318287,59332.08029261574,20.0,PUBLIC
1226.01,177115354,PC,3.9287851,485.9762569,1.8165271,1,tess2021091135823-s0037-0000000177115354-0208-s,61144862,37,59306.754080983796,59332.07913520833,120.0,PUBLIC
1226.01,177115354,PC,3.9287851,485.9762569,1.8165271,1,tess2018319095959-s0005-0000000177115354-0125-s,61540987,5,58437.488042094905,58463.64510552083,120.0,PUBLIC
1226.01,177115354,PC,3.9287851,485.9762569,1.8165271,1,tess2021118034608-s0038-0000000177115354-0209-s,61598254,38,59333.35413665509,59360.05128868056,120.0,PUBLIC
1226.01,177115354,PC,3.9287851,485.9762569,1.8165271,1,tess2021118034608-s0038-0000000177115354-0209-a_fast,61591227,38,59333.35413665509,59360.05244607639,20.0,PUBLIC
1226.01,177115354,PC,3.9287851,485.9762569,1.8165271,1,tess2018349182500-s0006-0000000177115354-0126-s,62253569,6,58467.768745960646,58489.54392847222,120.0,PUBLIC
1226.01,177115354,PC,3.9287851,485.9762569,1.8165271,1,tess2021065132309-s0036-0000000177115354-0207-s,60769355,36,59280.40252502315,59305.48879611111,120.0,PUBLIC
1226.01,177115354,PC,3.9287851,485.9762569,1.8165271,1,tess2018206190142-s0001-s0036-0000000177115354,61537846,36,58437.47554209491,59305.48879611111,120.0,PUBLIC
1226.01,177115354,PC,3.9287851,485.9762569,1.8165271,1,tess2021065132309-s0036-0000000177115354-0207-a_fast,60760652,36,59280.40252502315,59305.48995351852,20.0,PUBLIC
1226.01,177115354,PC,3.9287851,485.9762569,1.8165271,1,tess2019006130736-s0007-0000000177115354-0131-s,62329132,7,58491.13004981481,58515.58585484954,120.0,PUBLIC
1226.01,177115354,PC,3.9287851,485.9762569,1.8165271,1,tess2021146024351-s0039-0000000177115354-0210-a_fast,62019360,39,59361.270728587966,59389.21891098379,20.0,PUBLIC
1226.01,177115354,PC,3.9287851,485.9762569,1.8165271,1,tess2021146024351-s0039-0000000177115354-0210-s,62005395,39,59361.270728587966,59389.21775358796,120.0,PUBLIC
1226.01,177115354,PC,3.9287851,485.9762569,1.8165271,1,tess2018206190142-s0001-s0039-0000000177115354,62341381,39,58437.47554209491,59389.21775358796,120.0,PUBLIC
1226.01,177115354,PC,3.9287851,485.9762569,1.8165271,1,tess2019032160000-s0008-0000000177115354-0136-s,62457431,8,58516.862251516206,58541.49999488426,120.0,PUBLIC
1226.01,177115354,PC,3.9287851,485.9762569,1.8165271,1,tess2019085135100-s0010-0000000177115354-0140-s,64307720,10,58568.93630381944,58595.18084008102,120.0,PUBLIC
1226.01,177115354,PC,3.9287851,485.9762569,1.8165271,1,tess2018206190142-s0001-s0013-0000000177115354,65485923,13,58437.47557805556,58681.85676122685,120.0,PUBLIC
1226.01,177115354,PC,3.9287851,485.9762569,1.8165271,1,tess2019169103026-s0013-0000000177115354-0146-s,65460255,13,58653.419505694445,58681.85673820602,120.0,PUBLIC
1226.01,177115354,PC,3.9287851,485.9762569,1.8165271,1,tess2023181235917-s0067-0000000177115354-0261-s,171665303,67,60126.14097674769,60153.894857824074,120.0,PUBLIC
1226.01,177115354,PC,3.9287851,485.9762569,1.8165271,1,tess2023153011303-s0066-0000000177115354-0260-s,173753019,66,60097.17314554398,60125.92708896991,120.0,PUBLIC
1226.01,177115354,PC,3.9287851,485.9762569,1.8165271,1,tess2023209231226-s0068-0000000177115354-0262-s,176749930,68,60154.114300671295,60181.62512193287,120.0,PUBLIC
1226.01,177115354,PC,3.9287851,485.9762569,1.8165271,1,tess2023237165326-s0069-0000000177115354-0264-s,182736331,69,60181.85289850694,60207.637392881945,120.0,PUBLIC
1226.01,177115354,PC,3.9287851,485.9762569,1.8165271,1,tess2018206190142-s0001-s0069-0000000177115354,198773161,69,58437.47554209491,60207.63461511574,120.0,PUBLIC
1226.01,177115354,PC,3.9287851,485.9762569,1.8165271,1,tess2024353092137-s0087-0000000177115354-0284-s,238533741,87,60662.53955324074,60689.43701155092,120.0,PUBLIC
1226.01,177115354,PC,3.9287851,485.9762569,1.8165271,1,tess2025014115807-s0088-0000000177115354-0285-s,245365001,88,60689.65090201389,60717.42340412037,120.0,PUBLIC
1226.01,177115354,PC,3.9287851,485.9762569,1.8165271,1,tess2025042113628-s0089-0000000177115354-0286-s,252312223,89,60717.63729508102,60746.444493842595,120.0,PUBLIC
1226.01,177115354,PC,3.9287851,485.9762569,1.8165271,1,tess2025071122000-s0090-0000000177115354-0287-s,262861094,90,60746.65838454861,60774.57659056713,120.0,PUBLIC
1226.01,177115354,PC,3.9287851,485.9762569,1.8165271,1,tess2023018032328-s0061-0000000177115354-0250-s,117954124,61,59962.29756186342,59987.71448444444,120.0,PUBLIC
1226.01,177115354,PC,3.9287851,485.9762569,1.8165271,1,tess2023043185947-s0062-0000000177115354-0254-s,124153418,62,59987.9394875,60013.65221625,120.0,PUBLIC
1226.01,177115354,PC,3.9287851,485.9762569,1.8165271,1,tess2023069172124-s0063-0000000177115354-0255-s,127091396,63,60013.86749621528,60040.399595104165,120.0,PUBLIC
1226.01,177115354,PC,3.9287851,485.9762569,1.8165271,1,tess2023124020739-s0065-0000000177115354-0259-s,151526485,65,60068.23852414352,60096.128705138886,120.0,PUBLIC
1226.01,177115354,PC,3.9287851,485.9762569,1.8165271,1,tess2018206190142-s0001-s0065-0000000177115354,160344797,65,58437.47554209491,60096.128705138886,120.0,PUBLIC
1226.01,177115354,PC,3.9287851,485.9762569,1.8165271,1,tess2025154050500-s0093-0000000177115354-0290-s,300579493,93,60829.36956166667,60855.54852444444,120.0,PUBLIC
1226.01,177115354,PC,3.9287851,485.9762569,1.8165271,1,tess2025180145000-s0094-0000000177115354-0291-s,302110029,94,60855.76380006944,60881.617704097225,120.0,PUBLIC
1226.01,177115354,PC,3.9287851,485.9762569,1.8165271,1,tess2025206162959-s0095-0000000177115354-0292-s,337195218,95,60881.848257233796,60907.04243320602,120.0,PUBLIC
1226.01,177115354,PC,3.9287851,485.9762569,1.8165271,1,tess2025258001959-s0097-0000000177115354-0294-s,365501635,97,60933.15885728009,60987.78365041667,120.0,PUBLIC
1226.01,177115354,PC,3.9287851,485.9762569,1.8165271,1,tess2025312202959-s0098-0000000177115354-0298-s,378113829,98,60987.998928368055,61045.39786355324,120.0,PUBLIC
1226.01,177115354,PC,3.9287851,485.9762569,1.8165271,1,tess2018206190142-s0001-s0096-0000000177115354,403498489,96,58437.47554209491,60932.94080377315,120.0,PUBLIC
1226.01,177115354,PC,3.9287851,485.9762569,1.8165271,1,tess2025232030459-s0096-0000000177115354-0293-s,354012026,96,60907.272986365744,60932.932470520835,120.0,PUBLIC
2902.01,290302097,FP,2.9918201,3410.0,2.231,0,tess2023096110322-s0064-0000000290302097-0257-s,139097538,64,60040.614863344905,60067.53264627315,120.0,PUBLIC
2902.01,290302097,FP,2.9918201,3410.0,2.231,0,tess2018206190142-s0001-s0065-0000000290302097,160351153,65,59987.93507462963,60067.53264627315,120.0,PUBLIC
2902.01,290302097,FP,2.9918201,3410.0,2.231,0,tess2023043185947-s0062-0000000290302097-0254-s,124160239,62,59987.940630335645,60013.65361763889,120.0,PUBLIC
2902.01,290302097,FP,2.9918201,3410.0,2.231,0,tess2023069172124-s0063-0000000290302097-0255-s,127093989,63,60013.868898333334,60040.40097481482,120.0,PUBLIC
3422.01,286099128,KP,3.7788779,17654.0731284,3.1290228,1,tess2023315124025-s0072-0000000286099128-0267-s,198795512,72,60259.68193546296,60285.08437142361,120.0,PUBLIC
3422.01,286099128,KP,3.7788779,17654.0731284,3.1290228,1,tess2018235142541-s0002-s0072-0000000286099128,208736384,72,59962.297206875,60285.07881539352,120.0,PUBLIC
3422.01,286099128,KP,3.7788779,17654.0731284,3.1290228,1,tess2023018032328-s0061-0000000286099128-0250-s,117957148,61,59962.30276262732,59987.71716537037,120.0,PUBLIC
3422.01,286099128,KP,3.7788779,17654.0731284,3.1290228,1,tess2026005125623-s0099-0000000286099128-0300-s,378416202,99,61046.242830868054,61073.25913775463,120.0,PUBLIC
879.01,37084932,FP,6.58454,5500.94,3.395,0,tess2020351194500-s0033-0000000037084932-0203-s,28221823,33,59201.23633595,59227.07657749,120.0,PUBLIC
6196.01,330944099,FP,3.6119975,11983.0,4.013,0,tess2024058030222-s0076-0000000330944099-0271-s,214433212,76,60367.19523943287,60394.273844525465,120.0,PUBLIC
6196.01,330944099,FP,3.6119975,11983.0,4.013,0,tess2024249191853-s0083-0000000330944099-0280-s,233053092,83,60558.92852652778,60583.87750891204,120.0,PUBLIC
6196.01,330944099,FP,3.6119975,11983.0,4.013,0,tess2024274222008-s0084-0000000330944099-0281-s,233396047,84,60584.09139862269,60609.842630555555,120.0,PUBLIC
6196.01,330944099,FP,3.6119975,11983.0,4.013,0,tess2019199201929-s0014-s0086-0000000330944099,262994512,86,60367.18829521991,60609.83985283565,120.0,PUBLIC
